20059001,5,0.02602228785644009,31.38865367317204,2022-02-03 19:49:33
20059002,5,0.43000816654712587,35.81228761824678,2022-02-03 19:49:33
20059005,5,1.5626368584937198,35.72323901258993,2022-02-03 19:49:33
20059007,5,0.1956174831837929,35.778373645145614,2022-02-03 19:49:33
20059008,5,0.8888720931674194,39.14231154144251,2022-02-03 19:49:33
20059010,5,0,36.78084007249358,2022-02-03 19:49:33
20059011,5,0.053966302411697455,27.023515319355464,2022-02-03 19:49:33
20059014,5,0.008890873695726036,30.69618315266852,2022-02-03 19:49:33
20059016,5,0.5959989792009329,41.221168158392764,2022-02-03 19:49:33
20059017,5,1.6060042035058126,39.699103206416154,2022-02-03 19:49:33
20059018,5,0.9831697743836976,36.685697927312845,2022-02-03 19:49:33
20059019,5,0.5907535197976874,32.17927681798455,2022-02-03 19:49:33
20059020,5,0.3791135563662309,34.9203252437798,2022-02-03 19:49:33
20059021,5,0.03178803390268115,33.75580063662142,2022-02-03 19:49:33
20059022,5,1.1711287190463082,34.194643662254435,2022-02-03 19:49:33
20059024,5,0.014016780040163332,26.910429044883603,2022-02-03 19:49:33
20151003,5,0.009344117484953663,30.78473518608418,2022-02-03 19:49:33
20151005,5,0,23.189431100420535,2022-02-03 19:49:33
20151006,5,0,19.817732420133716,2022-02-03 19:49:33
20151007,5,0,24.602125722035126,2022-02-03 19:49:33
20151008,5,0,28.509493337049772,2022-02-03 19:49:33
20153002,5,0,20.42024228651717,2022-02-03 19:49:33
20153004,5,0,17.29837579355686,2022-02-03 19:49:33
20153005,5,0,21.08422712690008,2022-02-03 19:49:33
20153007,5,0,22.39151097677422,2022-02-03 19:49:33
20153011,5,0,18.05914495967304,2022-02-03 19:49:33
20153012,5,0,17.59713023621228,2022-02-03 19:49:33
20153013,5,0,21.806384717045333,2022-02-03 19:49:33
20153014,5,0,22.979819548116602,2022-02-03 19:49:33
20153015,5,0,25.63536390773718,2022-02-03 19:49:33
20153017,5,0,22.51722352201058,2022-02-03 19:49:33
20154003,5,0,30.575340395501104,2022-02-03 19:49:33
20154004,5,0,16.41851184133559,2022-02-03 19:49:33
20155001,5,0,17.580089662248053,2022-02-03 19:49:33
20155002,5,0,21.856085617922325,2022-02-03 19:49:33
20155004,5,0,23.657901783337557,2022-02-03 19:49:33
20155005,5,0,19.7894870772687,2022-02-03 19:49:33
20156001,5,0,15.921419728290791,2022-02-03 19:49:33
20156002,5,0,17.99147311737298,2022-02-03 19:49:33
20156003,5,0,15.322704834716285,2022-02-03 19:49:33
20156005,5,0,19.940672214804252,2022-02-03 19:49:33
20156007,5,0,16.481061397011022,2022-02-03 19:49:33
20156008,5,0,14.091980143582681,2022-02-03 19:49:33
20156009,5,0,16.684213325467216,2022-02-03 19:49:33
20156014,5,0,19.945420960064098,2022-02-03 19:49:33
20156015,5,0,15.298713977136092,2022-02-03 19:49:33
20156016,5,0,19.54331893313505,2022-02-03 19:49:33
20156017,5,0,17.444686106045612,2022-02-03 19:49:33
20156018,5,0,16.861981691966417,2022-02-03 19:49:33
20156019,5,0,15.007337678328112,2022-02-03 19:49:33
20156020,5,0,14.621769278271199,2022-02-03 19:49:33
20156021,5,0,20.013124188610288,2022-02-03 19:49:33
20156022,5,0,17.93782058190575,2022-02-03 19:49:33
20156023,5,0,17.080488498816976,2022-02-03 19:49:33
20156026,5,0,14.28149582679077,2022-02-03 19:49:33
20156027,5,0,17.33075246829015,2022-02-03 19:49:33
20156028,5,0,16.132865505207825,2022-02-03 19:49:33
20157003,5,0,30.705974179646315,2022-02-03 19:49:33
20157004,5,0.10443924934962662,35.31218181821454,2022-02-03 19:49:33
20157005,5,0,36.050386814030354,2022-02-03 19:49:33
20157007,5,0.001693775014156387,29.978652122821508,2022-02-03 19:49:33
20157008,5,0,23.605096253661976,2022-02-03 19:49:33
20158001,5,0.15951416326134102,30.052636657559535,2022-02-03 19:49:33
20158002,5,0,27.654410347168636,2022-02-03 19:49:33
20158003,5,0,29.182623073211452,2022-02-03 19:49:33
20158004,5,0.1289655570755281,31.274462182727014,2022-02-03 19:49:33
20158005,5,0,28.88771636318362,2022-02-03 19:49:33
20158008,5,0.10509475633368148,31.142375793820804,2022-02-03 19:49:33
20158009,5,0.004509850505041839,29.90437494016128,2022-02-03 19:49:33
20158010,5,0.0949246393009472,29.055053540691873,2022-02-03 19:49:33
20158011,5,0.0577504931772326,29.540335478210686,2022-02-03 19:49:33
20158012,5,0,23.974197868073848,2022-02-03 19:49:33
20159003,5,0,17.84267855958302,2022-02-03 19:49:33
20159004,5,0,20.21784232673851,2022-02-03 19:49:33
20159006,5,0,17.98883740282546,2022-02-03 19:49:33
20159007,5,0,15.228156700477061,2022-02-03 19:49:33
20159008,5,0.000222698628428617,24.28442720066368,2022-02-03 19:49:33
20160001,5,0,25.012449472453326,2022-02-03 19:49:33
20160002,5,0,26.26892575500515,2022-02-03 19:49:33
20162001,5,0,26.25173676432626,2022-02-03 19:49:33
20162004,5,0,22.38470016521085,2022-02-03 19:49:33
20162005,5,0,22.38470016521085,2022-02-03 19:49:33
20162006,5,0,31.218957588235632,2022-02-03 19:49:33
20162007,5,0,23.582055726944976,2022-02-03 19:49:33
20162008,5,0,20.500223024747207,2022-02-03 19:49:33
20162009,5,0.06213762630487731,29.927879632474735,2022-02-03 19:49:33
20162010,5,0,30.267766068712092,2022-02-03 19:49:33
20162011,5,0,22.436226007110758,2022-02-03 19:49:33
20162012,5,0,22.395943390389874,2022-02-03 19:49:33
20163001,5,0,23.817683042326976,2022-02-03 19:49:33
20163002,5,0,21.990661467752428,2022-02-03 19:49:33
20163004,5,0,22.608479948131375,2022-02-03 19:49:33
20163005,5,0,23.814686363940037,2022-02-03 19:49:33
20163006,5,0,23.353193422397247,2022-02-03 19:49:33
20163007,5,0,22.66228774890763,2022-02-03 19:49:33
20163008,5,0,23.88255645528552,2022-02-03 19:49:33
20163011,5,0,23.505463606354432,2022-02-03 19:49:33
20163014,5,0,21.807690165909225,2022-02-03 19:49:33
20165001,5,0,20.7097545190173,2022-02-03 19:49:33
20165003,5,0,18.888756444367345,2022-02-03 19:49:33
20165004,5,0,16.270001829284634,2022-02-03 19:49:33
20165005,5,0,18.1503994946438,2022-02-03 19:49:33
20165006,5,0,17.770885256027896,2022-02-03 19:49:33
20165008,5,0,16.802696487068758,2022-02-03 19:49:33
20165009,5,0,15.046172833549159,2022-02-03 19:49:33
20165010,5,0,15.398033175343937,2022-02-03 19:49:33
20165011,5,0,15.638110907431106,2022-02-03 19:49:33
20168001,5,0,13.700446285063258,2022-02-03 19:49:33
20168002,5,0,13.566731485272136,2022-02-03 19:49:33
20168003,5,0,14.39198985797452,2022-02-03 19:49:33
20168004,5,0,12.399577928133388,2022-02-03 19:49:33
20173001,5,0,12.750957808980818,2022-02-03 19:49:33
20174001,5,0,12.897887145691243,2022-02-03 19:49:33
20174002,5,0,14.632822159487336,2022-02-03 19:49:33
20174003,5,0,13.380179131596222,2022-02-03 19:49:33
20175001,5,0,12.533762866239837,2022-02-03 19:49:33
20175002,5,0,12.458803181363825,2022-02-03 19:49:33
20251005,3,5.332409556118514,61.890513992557274,2022-02-03 19:49:33
20252001,2,5.0813863808110105,74.32174416264033,2022-02-03 19:49:33
20252003,5,1.8405911459699635,76.07121567987808,2022-02-03 19:49:33
20252010,2,6.4408917933982375,116.88298786664471,2022-02-03 19:49:33
20252012,1,9.37055440365901,81.2379612221395,2022-02-03 19:49:33
20252013,5,4.904456255481986,112.38093393771007,2022-02-03 19:49:33
20254005,5,5.755675685892581,119.32065776292656,2022-02-03 19:49:33
20401001,5,0,8.74601596715459,2022-02-03 19:49:33
20401002,5,0,7.0152586153933285,2022-02-03 19:49:33
20401003,5,0,6.465223550991821,2022-02-03 19:49:33
20401004,5,0,6.248114545368061,2022-02-03 19:49:33
20401005,5,0,6.290441357973977,2022-02-03 19:49:33
20401006,5,0,6.248114545368061,2022-02-03 19:49:33
20401007,5,0,6.20542402709056,2022-02-03 19:49:33
20401008,5,0,5.98819894628073,2022-02-03 19:49:33
20402001,5,0,7.231722959128329,2022-02-03 19:49:33
20402002,5,0,7.978820566373987,2022-02-03 19:49:33
20402003,5,0,6.149675333429571,2022-02-03 19:49:33
20402004,5,0,6.081155904309605,2022-02-03 19:49:33
20402005,5,0,5.576770059682892,2022-02-03 19:49:33
20402006,5,0,5.707408674492751,2022-02-03 19:49:33
20406001,5,0,5.6219018708507535,2022-02-03 19:49:33
20406002,5,0,5.50943176025508,2022-02-03 19:49:33
20406003,5,0,5.351241383330127,2022-02-03 19:49:33
20406004,5,0,5.60424469908331,2022-02-03 19:49:33
20501001,5,0,5.735195211410572,2022-02-03 19:49:33
20501002,5,0,4.792915068093974,2022-02-03 19:49:33
20501003,5,0,5.91059167503433,2022-02-03 19:49:33
20501004,5,0,5.616267531310469,2022-02-03 19:49:33
20501005,5,0,5.250750467613795,2022-02-03 19:49:33
20501006,5,0,5.2445535396828795,2022-02-03 19:49:33
20501008,5,0,5.881015052449055,2022-02-03 19:49:33
20501009,5,0,4.856086461393246,2022-02-03 19:49:33
20501010,5,0,5.497194548686234,2022-02-03 19:49:33
20501011,5,0,5.877778721650638,2022-02-03 19:49:33
20501012,5,0,5.938290454555429,2022-02-03 19:49:33
20501013,5,0,5.211665068241208,2022-02-03 19:49:33
20501014,5,0,5.465006486433184,2022-02-03 19:49:33
20501015,5,0,6.6757807702974725,2022-02-03 19:49:33
20501016,5,0,7.33532005662626,2022-02-03 19:49:33
20501017,5,0,7.293561376148726,2022-02-03 19:49:33
20611001,5,0.2566040917943975,30.478268620821012,2022-02-03 19:49:33
20611002,5,0.004423733755506419,28.989261222513992,2022-02-03 19:49:33
20611003,5,0.14717856878897648,29.518552406175534,2022-02-03 19:49:33
20611004,5,0.002303916827103606,34.49855950975659,2022-02-03 19:49:33
20611005,5,0.1781308743284976,30.030551545000204,2022-02-03 19:49:33
20612001,2,11.818742590251297,69.13398896470349,2022-02-03 19:49:33
20612002,5,0.21484084871326514,31.482986100571026,2022-02-03 19:49:33
20612003,3,11.949613969762645,68.19519147039868,2022-02-03 19:49:33
20613001,5,0,72.15607986113342,2022-02-03 19:49:33
20613002,5,0,74.5286130794449,2022-02-03 19:49:33
20614001,5,0.0035148183292784485,28.964394183602817,2022-02-03 19:49:33
20614002,1,13.532847261568948,69.54860463257647,2022-02-03 19:49:33
20618001,5,0,64.16877874825042,2022-02-03 19:49:33
20618002,5,2.336533111479813,38.66073014888225,2022-02-03 19:49:33
30059001,5,0,34.33593383541527,2022-02-03 19:49:33
30059002,5,0,34.33593383541527,2022-02-03 19:49:33
30059003,5,0.009075401026688183,32.14270774169615,2022-02-03 19:49:33
30059004,5,0,37.40810252567594,2022-02-03 19:49:33
30059005,5,0.040393510282797765,33.282802083362746,2022-02-03 19:49:33
30059006,5,0,23.207438760828744,2022-02-03 19:49:33
30059007,5,0.022996596179192468,32.21592407920898,2022-02-03 19:49:33
30059008,5,0,30.782256367456434,2022-02-03 19:49:33
30059009,5,0,28.43475123097799,2022-02-03 19:49:33
30101008,5,13.416453854727902,44.82492046638154,2022-02-03 19:49:33
30101010,5,1.4662045789245266,29.596493920778144,2022-02-03 19:49:33
30101011,5,19.27155686588151,31.66910292316696,2022-02-03 19:49:33
30101012,5,4.139037675920994,30.22089158948512,2022-02-03 19:49:33
30102003,5,2.5194847363065156,52.03154711369393,2022-02-03 19:49:33
30102004,5,0,47.55194540401006,2022-02-03 19:49:33
30102005,2,14.171215349078942,43.25264259501221,2022-02-03 19:49:33
30102006,2,16.455508980021065,48.34961842556401,2022-02-03 19:49:33
30102009,5,0.028944359773093738,39.608400497310996,2022-02-03 19:49:33
30102013,1,23.18253738033027,50.80290291565064,2022-02-03 19:49:33
30102017,5,0.9869977019508542,53.223272242822354,2022-02-03 19:49:33
30102018,5,3.8367716258594844,52.65998769471956,2022-02-03 19:49:33
30102019,3,17.310773386384554,51.6004854570936,2022-02-03 19:49:33
30102022,2,21.536376693940127,46.0586675213979,2022-02-03 19:49:33
30103001,5,0.5020435615707863,40.48111248110116,2022-02-03 19:49:33
30103002,5,3.448260527459457,46.22529596116774,2022-02-03 19:49:33
30103003,5,0,46.476823874385914,2022-02-03 19:49:33
30103004,5,0.3565140381207398,46.52698315651801,2022-02-03 19:49:33
30103005,5,1.2777058607100928,41.42603519072982,2022-02-03 19:49:33
30104001,5,2.8400506058695747,41.32188895446451,2022-02-03 19:49:33
30104004,5,3.0890510190362077,41.394699599453524,2022-02-03 19:49:33
30104006,1,6.032608469383349,51.083018218333095,2022-02-03 19:49:33
30104009,3,11.696214645820287,32.69046166788538,2022-02-03 19:49:33
30104013,5,1.427941726332977,39.57591791892683,2022-02-03 19:49:33
30104014,5,7.366010947422959,37.593278864925,2022-02-03 19:49:33
30104019,1,8.502111281218061,47.53023950721476,2022-02-03 19:49:33
30104020,5,10.954172918852818,42.1692265203144,2022-02-03 19:49:33
30104021,5,0.24483205886866444,43.41996139909921,2022-02-03 19:49:33
30104022,5,4.63446767371807,37.16403234556975,2022-02-03 19:49:33
30104023,3,14.601399640178492,43.54547807728851,2022-02-03 19:49:33
30104026,5,8.016101660957977,51.75758278507552,2022-02-03 19:49:33
30104028,5,4.102331746944503,39.850677207752284,2022-02-03 19:49:33
30104029,5,0.171307059680727,35.851460191128616,2022-02-03 19:49:33
30104030,5,0.25869478777660576,53.76551233204116,2022-02-03 19:49:33
30104031,3,12.535417387794723,40.88585446878831,2022-02-03 19:49:33
30104032,2,7.081215263675985,34.12965313410133,2022-02-03 19:49:33
30104033,2,6.727825403674974,31.43687711716057,2022-02-03 19:49:33
30104034,2,6.727825403674974,31.43687711716057,2022-02-03 19:49:33
30104036,5,0.171307059680727,35.851460191128616,2022-02-03 19:49:33
30105002,3,5.24362643487257,61.80029218611027,2022-02-03 19:49:33
30105008,1,7.1531370033543045,44.08426186236444,2022-02-03 19:49:33
30105010,5,5.12902462561181,66.54397937098076,2022-02-03 19:49:33
30105011,1,10.66108259717515,52.027046836190785,2022-02-03 19:49:33
30105015,3,5.644200444163399,42.614541623429496,2022-02-03 19:49:33
30105016,2,6.23285514393405,42.65512544473403,2022-02-03 19:49:33
30105017,5,6.2743429547545775,65.55000358558931,2022-02-03 19:49:33
30105020,2,6.2743429547545775,65.55000358558931,2022-02-03 19:49:33
30106002,5,0.04,80.66331773295552,2022-02-03 19:49:33
30106003,2,12.833838168010857,61.184606818715125,2022-02-03 19:49:33
30106006,5,0.9048113421257498,47.11747768977731,2022-02-03 19:49:33
30106010,5,3.3496912035238715,75.30067226981596,2022-02-03 19:49:33
30107001,5,0.5660314501774268,48.019325584571575,2022-02-03 19:49:33
30107004,5,0.5866522166822502,44.683062360714196,2022-02-03 19:49:33
30107008,5,0,27.921721643506885,2022-02-03 19:49:33
30107011,5,1.0885862177684156,47.24568224485279,2022-02-03 19:49:33
30107012,5,0,32.01568813786936,2022-02-03 19:49:33
30107013,5,0.15924557080306556,48.6416007190902,2022-02-03 19:49:33
30107014,5,0.15924557080306556,48.6416007190902,2022-02-03 19:49:33
30107015,5,0.22287373200082095,32.81657101756785,2022-02-03 19:49:33
30107016,5,0.02816279604738156,35.74337188619854,2022-02-03 19:49:33
30107018,5,0.07637563019624061,30.01545901663132,2022-02-03 19:49:33
30107019,5,0.22287373200082095,32.81657101756785,2022-02-03 19:49:33
30108001,2,5.183641303019762,38.86693367579485,2022-02-03 19:49:33
30108002,5,4.0311807924833065,34.54056881880032,2022-02-03 19:49:33
30108007,5,0,21.120703010590965,2022-02-03 19:49:33
30108008,5,0.18906899157741913,23.57319313656714,2022-02-03 19:49:33
30108012,5,0,32.54370698521134,2022-02-03 19:49:33
30109003,5,0,31.050397928696643,2022-02-03 19:49:33
30109004,5,0,23.058465975648435,2022-02-03 19:49:33
30109006,5,0,29.170133707411477,2022-02-03 19:49:33
30109010,5,0,24.089519850121064,2022-02-03 19:49:33
30109016,5,3.926255461045626,22.827673935582794,2022-02-03 19:49:33
30109017,5,10.276521973131484,27.454509115418404,2022-02-03 19:49:33
30109018,2,10.249395416097883,22.819707931945295,2022-02-03 19:49:33
30109019,5,8.832949293623448,21.341776439291802,2022-02-03 19:49:33
30109020,5,0.007784709841335789,28.15523570989877,2022-02-03 19:49:33
30109026,5,0,28.99864395193296,2022-02-03 19:49:33
30109027,5,0,21.119877683865717,2022-02-03 19:49:33
30111001,5,0.010485896707483988,32.51561889581473,2022-02-03 19:49:33
30111002,5,0.01081056919788827,32.598959315989056,2022-02-03 19:49:33
30111003,5,0.019507458103384268,34.77022453960295,2022-02-03 19:49:33
30111004,5,0,32.719659906610374,2022-02-03 19:49:33
30111006,5,0.0033612983956796396,41.52156208925436,2022-02-03 19:49:33
30111007,5,0,35.24795854952624,2022-02-03 19:49:33
30111009,5,0,30.296450109326187,2022-02-03 19:49:33
30111010,5,0,30.598512505536426,2022-02-03 19:49:33
30112003,5,0,45.13040324349725,2022-02-03 19:49:33
30112007,5,1.2828431619316363,42.2830756868567,2022-02-03 19:49:33
30112008,5,0.26239549405659907,45.93259965343293,2022-02-03 19:49:33
30112009,5,0.5119604625155035,37.735059210535915,2022-02-03 19:49:33
30113001,5,0,24.21396098210967,2022-02-03 19:49:33
30114003,5,0,25.005580463158864,2022-02-03 19:49:33
30114005,5,0,21.240384877047028,2022-02-03 19:49:33
30114006,5,0,30.7785627382356,2022-02-03 19:49:33
30114007,5,0,21.164002050441308,2022-02-03 19:49:33
30114008,5,0,24.470342093403563,2022-02-03 19:49:33
30114009,5,0,27.258954666203095,2022-02-03 19:49:33
30114010,5,0,28.931364673828455,2022-02-03 19:49:33
30114011,5,0,28.931364673828455,2022-02-03 19:49:33
30115002,5,0.019239790173653404,34.17831528522312,2022-02-03 19:49:33
30115003,5,0.005953288374607133,30.639586434570045,2022-02-03 19:49:33
30115005,5,0.00872264914053222,25.952894944081045,2022-02-03 19:49:33
30115007,5,0,29.36328721253115,2022-02-03 19:49:33
30115009,5,0,31.068630670535313,2022-02-03 19:49:33
30115010,5,0.2434325028082628,32.43153275673498,2022-02-03 19:49:33
30115011,5,0,29.846188277617447,2022-02-03 19:49:33
30115017,5,0,29.006431079903255,2022-02-03 19:49:33
30115022,5,0.007785904355046171,33.33834378075669,2022-02-03 19:49:33
30115031,5,0.0027406344828948053,30.940500333626222,2022-02-03 19:49:33
30115032,5,0,26.086135383758702,2022-02-03 19:49:33
30115037,5,0,33.677073581255826,2022-02-03 19:49:33
30115038,5,0,31.36733422821288,2022-02-03 19:49:33
30115039,5,0,31.859044021348566,2022-02-03 19:49:33
30116001,5,0.0046235509328868005,25.588296049363223,2022-02-03 19:49:33
30116003,5,0,22.77077014639652,2022-02-03 19:49:33
30116008,5,0,28.782903750582907,2022-02-03 19:49:33
30116019,5,0,26.03570859316524,2022-02-03 19:49:33
30116033,5,0,23.869606958383205,2022-02-03 19:49:33
30116038,5,0.0031012476536087233,25.21353369195106,2022-02-03 19:49:33
30116039,5,0.0021429410291205855,30.390002704004846,2022-02-03 19:49:33
30116042,5,0,23.795280015744584,2022-02-03 19:49:33
30116043,5,0,31.275874702624098,2022-02-03 19:49:33
30117035,5,0.031616030602330654,28.506078379736294,2022-02-03 19:49:33
30118001,5,0,38.10878321461642,2022-02-03 19:49:33
30118002,5,0,33.18141069120857,2022-02-03 19:49:33
30118011,5,0,37.41638330874731,2022-02-03 19:49:33
30118016,5,0,32.81875989799539,2022-02-03 19:49:33
30118017,5,0,46.89370663994371,2022-02-03 19:49:33
30119006,5,0.01,54.25082560047785,2022-02-03 19:49:33
30119013,5,0.11569488885812537,63.08408916912482,2022-02-03 19:49:33
30121006,1,9.259946290521953,49.88927354404445,2022-02-03 19:49:33
30121010,1,12.446317795084587,58.144464308518785,2022-02-03 19:49:33
30121014,5,12.625600556094424,48.4146339828959,2022-02-03 19:49:33
30121015,3,20.981412856213886,52.33454662740034,2022-02-03 19:49:33
30121016,2,9.259946290521953,49.88927354404445,2022-02-03 19:49:33
30122001,5,12.20578312064903,60.34327436776859,2022-02-03 19:49:33
30122005,2,14.037377947611796,73.36544477452881,2022-02-03 19:49:33
30123001,2,7.413628623613531,55.84765878947584,2022-02-03 19:49:33
30123002,1,11.717616664246377,68.32867994147438,2022-02-03 19:49:33
30123004,3,16.440587483602823,67.96245442563381,2022-02-03 19:49:33
30123005,3,9.577093245267598,71.13363223186575,2022-02-03 19:49:33
30123006,5,10.675032282298751,65.4605834865039,2022-02-03 19:49:33
30123008,5,10.043917145997973,79.51149339072582,2022-02-03 19:49:33
30123010,5,5.081091565852016,74.82408154285828,2022-02-03 19:49:33
30123011,5,3.557974266155374,58.177094159763286,2022-02-03 19:49:33
30123012,5,2.2466877805029926,74.58788987295623,2022-02-03 19:49:33
30123013,2,10.203434547805383,77.62221051318578,2022-02-03 19:49:33
30123016,5,2.029476713758703,78.37484189505369,2022-02-03 19:49:33
30123017,5,1.3185027432113325,78.20467792597258,2022-02-03 19:49:33
30123018,2,11.38869861892002,68.87607303713347,2022-02-03 19:49:33
30123019,2,10.675032282298751,65.4605834865039,2022-02-03 19:49:33
30124001,5,0.6490229135528915,64.16746375139167,2022-02-03 19:49:33
30124002,5,9.289404413895534,75.63440143640118,2022-02-03 19:49:33
30124007,5,0.27784428727437444,101.00354877774707,2022-02-03 19:49:33
30124008,5,0.6535699371048496,68.47761446387064,2022-02-03 19:49:33
30124010,5,2.958844892827487,84.42438517432603,2022-02-03 19:49:33
30124016,5,0.7371043962067922,106.3943976059307,2022-02-03 19:49:33
30124017,5,1.1714245267595391,85.97600667250776,2022-02-03 19:49:33
30124018,5,0.0011839617889245345,71.93862727412593,2022-02-03 19:49:33
30124019,5,0.1404846956556979,76.80376001148923,2022-02-03 19:49:33
30124020,5,0.40208723128771956,59.69966601501625,2022-02-03 19:49:33
30124021,5,0.4172842160950565,90.97520513352704,2022-02-03 19:49:33
30125001,5,1.1041308292229495,64.14106515348675,2022-02-03 19:49:33
30125002,5,0.6309013453757898,61.966412712617235,2022-02-03 19:49:33
30125004,5,2.9542939046033103,54.53783457225646,2022-02-03 19:49:33
30125005,5,2.80722631411446,59.26251695598929,2022-02-03 19:49:33
30125008,5,1.0333329320462563,57.506286962037755,2022-02-03 19:49:33
30127001,5,0.07522119766534247,56.48551362685772,2022-02-03 19:49:33
30127002,5,0.18804148810568208,57.80752467212753,2022-02-03 19:49:33
30127003,5,2.8655308067878273,64.29193579499398,2022-02-03 19:49:33
30127004,5,3.568700413202853,63.16708746610877,2022-02-03 19:49:33
30127009,5,0,52.122743993390635,2022-02-03 19:49:33
30127010,5,1.4490756317214692,53.228882211112214,2022-02-03 19:49:33
30151001,5,0,28.509493337049772,2022-02-03 19:49:33
30151002,5,0,21.71859592431297,2022-02-03 19:49:33
30151003,5,0,24.47935828349944,2022-02-03 19:49:33
30151004,5,0,24.50689035725089,2022-02-03 19:49:33
30151005,5,0,19.584090762512183,2022-02-03 19:49:33
30151006,5,0,26.8944611196665,2022-02-03 19:49:33
30151007,5,0,21.22892256409555,2022-02-03 19:49:33
30151008,5,0,22.577856765717808,2022-02-03 19:49:33
30151009,5,0,22.20091319822735,2022-02-03 19:49:33
30151014,5,0,20.32202124824886,2022-02-03 19:49:33
30151016,5,0.0018891504075446621,24.778566864190097,2022-02-03 19:49:33
30151017,5,0,21.881689775599583,2022-02-03 19:49:33
30151021,5,0,19.817732420133716,2022-02-03 19:49:33
30151022,5,0,23.059081129218697,2022-02-03 19:49:33
30151023,5,0,23.272308226076234,2022-02-03 19:49:33
30151024,5,0,20.45817505535789,2022-02-03 19:49:33
30151026,5,0.0032633333579722146,24.89328715643356,2022-02-03 19:49:33
30152001,5,0,13.864482465330175,2022-02-03 19:49:33
30152002,5,0,14.235454389080314,2022-02-03 19:49:33
30152003,5,0,25.06571419004144,2022-02-03 19:49:33
30152004,5,0,19.759297838135954,2022-02-03 19:49:33
30152006,5,0,15.101864911234896,2022-02-03 19:49:33
30152008,5,0,14.651356597668684,2022-02-03 19:49:33
30152009,5,0,15.123881324951984,2022-02-03 19:49:33
30152011,5,0,13.267748085711965,2022-02-03 19:49:33
30152019,5,0,15.952780305389018,2022-02-03 19:49:33
30152020,5,0,21.35305197271035,2022-02-03 19:49:33
30152023,5,4.415459270376016,23.796417900584558,2022-02-03 19:49:33
30152024,5,0,23.961795078428374,2022-02-03 19:49:33
30152025,5,0,13.29131231441005,2022-02-03 19:49:33
30152026,5,0,25.393175910363038,2022-02-03 19:49:33
30152027,5,0,17.99490679156005,2022-02-03 19:49:33
30153001,5,0,17.35378637704785,2022-02-03 19:49:33
30153002,5,0,21.797512890104585,2022-02-03 19:49:33
30153003,5,0,22.896172399941477,2022-02-03 19:49:33
30153004,5,0,16.97159353995898,2022-02-03 19:49:33
30153005,5,0.00018233661844037387,24.425210214263497,2022-02-03 19:49:33
30153008,5,0,19.419036131593465,2022-02-03 19:49:33
30153009,5,0,18.618637579742575,2022-02-03 19:49:33
30153010,5,0,17.90997709523439,2022-02-03 19:49:33
30153011,5,0,17.777845936514797,2022-02-03 19:49:33
30153014,5,0,18.00199220873402,2022-02-03 19:49:33
30153015,5,0,20.233623349620466,2022-02-03 19:49:33
30154001,5,0,17.609633250445018,2022-02-03 19:49:33
30154003,5,0,15.130850657976433,2022-02-03 19:49:33
30154005,5,0,17.797463651631887,2022-02-03 19:49:33
30154006,5,0,17.001440566803552,2022-02-03 19:49:33
30154007,5,0,16.462504919137242,2022-02-03 19:49:33
30154009,5,0,18.177024993213674,2022-02-03 19:49:33
30154010,5,0,16.70292157453525,2022-02-03 19:49:33
30154011,5,0,15.862784779192198,2022-02-03 19:49:33
30155001,5,0,15.682099370166345,2022-02-03 19:49:33
30155002,5,0,24.91572039662163,2022-02-03 19:49:33
30155004,5,0,19.229400140418893,2022-02-03 19:49:33
30155005,5,0,21.743233679517708,2022-02-03 19:49:33
30155006,5,0,24.555632018323454,2022-02-03 19:49:33
30156001,5,0,13.686960451267087,2022-02-03 19:49:33
30156002,5,0,16.9314229431207,2022-02-03 19:49:33
30156003,5,0,18.58654560579704,2022-02-03 19:49:33
30156004,5,0,17.622906497147127,2022-02-03 19:49:33
30156005,5,0,16.86705574195187,2022-02-03 19:49:33
30156009,5,0,16.684213325467216,2022-02-03 19:49:33
30156010,5,0,16.114887351308163,2022-02-03 19:49:33
30157001,5,0,26.780379401830917,2022-02-03 19:49:33
30157002,5,0.002586674098155484,30.812043904277797,2022-02-03 19:49:33
30157004,5,0.0008210573087733834,24.96518030257254,2022-02-03 19:49:33
30157005,5,0,30.835240793390266,2022-02-03 19:49:33
30157006,5,0.0070077495926535675,28.03739414822685,2022-02-03 19:49:33
30157007,5,0,23.993449413192163,2022-02-03 19:49:33
30157008,5,0.007836010298200677,25.110309958526862,2022-02-03 19:49:33
30157009,5,0.005190502858387262,24.905881739905272,2022-02-03 19:49:33
30157010,5,0,23.65990628153072,2022-02-03 19:49:33
30158001,5,0.129123824991125,31.280793976346118,2022-02-03 19:49:33
30158004,5,0,20.6979516194863,2022-02-03 19:49:33
30158005,5,0.10191076989411726,32.31483626227236,2022-02-03 19:49:33
30159002,5,0,17.690954242118096,2022-02-03 19:49:33
30159003,5,0,20.21784232673851,2022-02-03 19:49:33
30159004,5,0,16.79858921118441,2022-02-03 19:49:33
30162002,5,0.0034373236968075678,26.162054109918678,2022-02-03 19:49:33
30166001,5,0,12.453549063900688,2022-02-03 19:49:33
30166002,5,0,12.468834757236772,2022-02-03 19:49:33
30251003,5,3.027231424766022,44.646658904552574,2022-02-03 19:49:33
30251004,1,6.75792554738548,47.980687849711494,2022-02-03 19:49:33
30251012,5,17.725429952136828,113.38586556297743,2022-02-03 19:49:33
30252002,1,9.470501526645688,79.21051182865466,2022-02-03 19:49:33
30252003,5,3.730236964427324,49.13631219621,2022-02-03 19:49:33
30252004,5,6.059966685646941,49.323837829192975,2022-02-03 19:49:33
30252007,2,13.897179271194123,76.8687466635911,2022-02-03 19:49:33
30252015,5,3.787427642878952,40.516790349145005,2022-02-03 19:49:33
30252017,3,8.230758575411143,82.91066581337228,2022-02-03 19:49:33
30252021,2,6.519774385271786,118.81641355190344,2022-02-03 19:49:33
30254002,5,3.6720601216552944,77.88593075813807,2022-02-03 19:49:33
30401001,5,0,5.586641220827999,2022-02-03 19:49:33
30401002,5,0,5.586641220827999,2022-02-03 19:49:33
30401003,5,0,6.397225012513254,2022-02-03 19:49:33
30401005,5,0,8.095366053782788,2022-02-03 19:49:33
30401006,5,0,7.006863751330194,2022-02-03 19:49:33
30401007,5,0,6.925996168820356,2022-02-03 19:49:33
30401008,5,0,6.217743785239823,2022-02-03 19:49:33
30401009,5,0,6.150262857841494,2022-02-03 19:49:33
30401010,5,0,6.745066359410337,2022-02-03 19:49:33
30401011,5,0,7.558293686508609,2022-02-03 19:49:33
30401012,5,0,6.532246952040286,2022-02-03 19:49:33
30402001,5,0,6.507951074769888,2022-02-03 19:49:33
30402002,5,0,6.475035969568979,2022-02-03 19:49:33
30402003,5,0,6.70934409310455,2022-02-03 19:49:33
30402004,5,0,7.4695106820789166,2022-02-03 19:49:33
30402005,5,0,7.859003072573395,2022-02-03 19:49:33
30402006,5,0,7.910195521791208,2022-02-03 19:49:33
30402010,5,0,5.424676860109291,2022-02-03 19:49:33
30402013,5,0,5.692684463790206,2022-02-03 19:49:33
30402014,5,0,5.728395415424463,2022-02-03 19:49:33
30402015,5,0,5.5494152222898725,2022-02-03 19:49:33
30402016,5,0,7.879613538837987,2022-02-03 19:49:33
30402018,5,0,7.305477874262206,2022-02-03 19:49:33
30402020,5,0,6.163106535924171,2022-02-03 19:49:33
30402021,5,0,6.161470957882471,2022-02-03 19:49:33
30402022,5,0,7.173847399894546,2022-02-03 19:49:33
30402023,5,0,7.006072720475316,2022-02-03 19:49:33
30402024,5,0,6.343996059661646,2022-02-03 19:49:33
30402025,5,0,6.174793983542377,2022-02-03 19:49:33
30402026,5,0,5.920486005816841,2022-02-03 19:49:33
30402027,5,0,5.692056207076697,2022-02-03 19:49:33
30402029,5,0,8.160098285218679,2022-02-03 19:49:33
30402030,5,0,5.346548250756831,2022-02-03 19:49:33
30402032,5,0,7.099468351338437,2022-02-03 19:49:33
30501001,5,0,4.869584348979275,2022-02-03 19:49:33
30501002,5,0,4.921674075634016,2022-02-03 19:49:33
30501003,5,0,5.720895437102135,2022-02-03 19:49:33
30501006,5,0,5.070952523947346,2022-02-03 19:49:33
30501007,5,0,5.091456412352273,2022-02-03 19:49:33
30501008,5,0,5.083948611343876,2022-02-03 19:49:33
30601003,5,0,60.122212173343414,2022-02-03 19:49:33
30601004,5,0,114.33778187886297,2022-02-03 19:49:33
30601005,5,0,103.30326698655992,2022-02-03 19:49:33
30601007,5,0,60.79381181274298,2022-02-03 19:49:33
30601009,5,2.510437106708924,74.36466325913592,2022-02-03 19:49:33
30601010,5,0,83.98368379036076,2022-02-03 19:49:33
30601011,5,1.6885817202333449,70.61706955267992,2022-02-03 19:49:33
30601012,5,0,58.22581443333105,2022-02-03 19:49:33
30601013,5,0,63.55889479357844,2022-02-03 19:49:33
30601014,5,0,73.519215547734,2022-02-03 19:49:33
30601016,5,0,103.82392156900279,2022-02-03 19:49:33
30601017,5,0,78.81451429156174,2022-02-03 19:49:33
30612001,1,13.07897210987687,79.13580764551261,2022-02-03 19:49:33
30612002,3,14.383027797955908,77.72179684455602,2022-02-03 19:49:33
