814608,3,3,44428,13101,千代田区
814608,29646,29646,44428,13103,港区
814608,20,20,44428,13104,新宿区
814608,19278,19278,44428,13113,渋谷区
814609,84,84,44429,13110,目黒区
814609,51587,51587,44429,13111,大田区
814610,25283,25283,44430,13109,品川区
814610,42245,42245,44430,13111,大田区
814611,29340,29340,44431,13111,大田区
814612,0,0,44432,13101,千代田区
814612,59,59,44432,13103,港区
814612,72923,72923,44432,13104,新宿区
814612,25,25,44432,13113,渋谷区
814613,37371,37371,44433,13104,新宿区
814613,236,236,44433,13114,中野区
814614,10367,10367,44434,13104,新宿区
814614,35564,35564,44434,13113,渋谷区
814614,25642,25642,44434,13114,中野区
814614,4335,4335,44434,13115,杉並区
814615,2,2,44435,13104,新宿区
814615,1958,1958,44435,13110,目黒区
814615,29,29,44435,13112,世田谷区
814615,54859,54859,44435,13113,渋谷区
814616,35781,35781,44436,13110,目黒区
814616,33740,33740,44436,13112,世田谷区
814617,20098,20098,44437,13114,中野区
814617,4285,4285,44437,13115,杉並区
814617,40110,40110,44437,13120,練馬区
814618,65688,65688,44438,13115,杉並区
814619,84371,84371,44439,13112,世田谷区
814619,2764,2764,44439,13115,杉並区
814620,38508,38508,44440,13110,目黒区
814620,13445,13445,44440,13111,大田区
814620,98043,98043,44440,13112,世田谷区
814623,8,8,44441,11229,和光市
814624,999,999,44441,11229,和光市
814621,2116,2116,44441,11229,和光市
814622,12936,12936,44441,11229,和光市
814622,262,262,44441,13119,板橋区
814622,5,5,44441,13120,練馬区
814625,3046,3046,44442,13119,板橋区
814625,42000,42000,44442,13120,練馬区
814626,10244,10244,44443,13119,板橋区
814626,38750,38750,44443,13120,練馬区
814627,35090,35090,44444,13116,豊島区
814627,29149,29149,44444,13119,板橋区
814627,404,404,44444,13120,練馬区
814628,1242,1242,44445,13101,千代田区
814628,48,48,44445,13104,新宿区
814628,125023,125023,44445,13105,文京区
814628,12488,12488,44445,13106,台東区
814628,75877,75877,44445,13116,豊島区
814628,17025,17025,44445,13117,北区
814628,2033,2033,44445,13118,荒川区
814628,328,328,44445,13119,板橋区
814629,2,2,44446,13101,千代田区
814629,71848,71848,44446,13103,港区
814629,2,2,44446,13113,渋谷区
814630,1991,1991,44447,13103,港区
814630,60120,60120,44447,13109,品川区
814631,2150,2150,44447,13109,品川区
814630,4477,4477,44447,13111,大田区
814632,4768,4768,44448,13103,港区
814633,3869,3869,44448,13103,港区
814634,163,163,44448,13103,港区
814635,7855,7855,44448,13103,港区
814634,477,477,44448,13109,品川区
814636,1027,1027,44448,13109,品川区
814642,13,13,44449,13109,品川区
814637,4542,4542,44449,13109,品川区
814637,1,1,44449,13111,大田区
814638,131,131,44449,13111,大田区
814639,109,109,44449,13111,大田区
814640,227,227,44449,13111,大田区
814641,266,266,44449,13111,大田区
814642,4,4,44449,13111,大田区
814643,43,43,44449,13111,大田区
814644,69,69,44449,13111,大田区
814645,79844,79844,44450,13111,大田区
814646,206,206,44451,13101,千代田区
814646,88,88,44451,13103,港区
814647,535,535,44452,13101,千代田区
814647,13,13,44452,13103,港区
814648,1275,1275,44453,13104,新宿区
814649,1291,1291,44454,13101,千代田区
814649,70,70,44454,13102,中央区
814649,132,132,44454,13103,港区
814650,5535,5535,44455,13112,世田谷区
814650,53209,53209,44455,13115,杉並区
814651,555,555,44455,13115,杉並区
814652,31912,31912,44456,13101,千代田区
814653,163,163,44457,13101,千代田区
814653,65773,65773,44457,13104,新宿区
814653,4227,4227,44457,13105,文京区
814653,4770,4770,44457,13116,豊島区
814654,28673,28673,44458,13104,新宿区
814654,24546,24546,44458,13114,中野区
814654,17505,17505,44458,13116,豊島区
814654,14755,14755,44458,13120,練馬区
814655,949,949,44459,13114,中野区
814656,55677,55677,44460,13114,中野区
814656,22807,22807,44460,13115,杉並区
814657,33602,33602,44461,13103,港区
814657,21920,21920,44461,13109,品川区
814657,69,69,44461,13113,渋谷区
814658,82761,82761,44462,13111,大田区
814659,6391,6391,44463,11229,和光市
814659,32309,32309,44463,13119,板橋区
814659,4352,4352,44463,13120,練馬区
814660,30080,30080,44464,13120,練馬区
814661,105616,105616,44465,13109,品川区
814661,534,534,44465,13110,目黒区
814661,7588,7588,44465,13111,大田区
814662,9051,9051,44466,13109,品川区
814662,68796,68796,44466,13110,目黒区
814662,244,244,44466,13111,大田区
814663,24394,24394,44467,13114,中野区
814663,55509,55509,44467,13115,杉並区
814664,9925,9925,44468,13104,新宿区
814664,49420,49420,44468,13114,中野区
814664,1392,1392,44468,13115,杉並区
814665,91569,91569,44469,13112,世田谷区
814666,22066,22066,44470,13116,豊島区
814666,1690,1690,44470,13119,板橋区
814666,9211,9211,44470,13120,練馬区
814667,39331,39331,44471,13111,大田区
814668,5900,5900,44472,13110,目黒区
814668,69256,69256,44472,13112,世田谷区
814668,3280,3280,44472,13113,渋谷区
814669,3639,3639,44473,13103,港区
814669,763,763,44473,13109,品川区
814669,7651,7651,44473,13110,目黒区
814669,41611,41611,44473,13113,渋谷区
814670,35661,35661,44474,13111,大田区
814671,4978,4978,44475,13101,千代田区
814671,112451,112451,44475,13106,台東区
814671,51118,51118,44475,13118,荒川区
814672,15,15,44475,13118,荒川区
814673,29456,29456,44476,13102,中央区
814674,2,2,44476,13102,中央区
814675,80609,80609,44477,13107,墨田区
814675,21684,21684,44477,13108,江東区
814676,34976,34976,44478,13117,北区
814677,45,45,44479,11234,八潮市
814677,133823,133823,44479,13121,足立区
814677,2074,2074,44479,13122,葛飾区
814678,54138,54138,44480,13121,足立区
814678,92750,92750,44480,13122,葛飾区
814679,9096,9096,44481,13122,葛飾区
814679,23254,23254,44481,13123,江戸川区
814680,39727,39727,44482,13122,葛飾区
814681,275,275,44482,13122,葛飾区
814680,22033,22033,44482,13123,江戸川区
814683,2487,2487,44483,11203,川口市
814686,455,455,44483,11203,川口市
814685,125,125,44483,11203,川口市
814683,36547,36547,44483,11221,草加市
814682,6192,6192,44483,11221,草加市
814683,75,75,44483,11234,八潮市
814684,2,2,44483,11234,八潮市
814683,244,244,44483,13121,足立区
814684,851,851,44483,13121,足立区
814690,104,104,44484,11234,八潮市
814687,472,472,44484,11237,三郷市
814688,207,207,44484,11237,三郷市
814689,553,553,44484,11237,三郷市
814690,2522,2522,44484,11237,三郷市
814691,125,125,44484,11237,三郷市
814692,496,496,44484,11237,三郷市
814693,137,137,44484,11237,三郷市
814694,117,117,44484,11237,三郷市
814695,50,50,44484,11237,三郷市
814696,9676,9676,44485,13117,北区
814696,3427,3427,44485,13119,板橋区
814697,2183,2183,44485,13119,板橋区
814698,519,519,44485,13119,板橋区
814699,177,177,44485,13119,板橋区
814700,48947,48947,44486,13119,板橋区
814701,68002,68002,44487,13119,板橋区
814701,6422,6422,44487,13120,練馬区
814702,9534,9534,44488,13116,豊島区
814702,237,237,44488,13117,北区
814702,46425,46425,44488,13119,板橋区
814703,23241,23241,44489,13119,板橋区
814703,12,12,44489,13120,練馬区
814704,58458,58458,44490,13108,江東区
814705,97,97,44491,11221,草加市
814706,2517,2517,44491,11221,草加市
814707,753,753,44491,11221,草加市
814708,604,604,44491,11221,草加市
814709,3,3,44491,11234,八潮市
814712,168,168,44492,11221,草加市
814714,67,67,44492,11221,草加市
814710,633,633,44492,11221,草加市
814711,1006,1006,44492,11234,八潮市
814712,558,558,44492,11234,八潮市
814713,1,1,44492,11234,八潮市
814714,9,9,44492,11234,八潮市
814710,3270,3270,44492,11234,八潮市
814713,200,200,44492,13121,足立区
814719,257,257,44493,11237,三郷市
814715,11794,11794,44493,11237,三郷市
814716,1803,1803,44493,11237,三郷市
814717,87,87,44493,11237,三郷市
814718,166,166,44493,11237,三郷市
814720,4745,4745,44494,11237,三郷市
814721,213,213,44494,11237,三郷市
814722,20716,20716,44495,13123,江戸川区
814723,6939,6939,44496,13118,荒川区
814724,6003,6003,44497,13123,江戸川区
814725,30920,30920,44498,13123,江戸川区
814726,34993,34993,44499,13123,江戸川区
814727,26228,26228,44500,13122,葛飾区
814728,971,971,44500,13122,葛飾区
814730,16,16,44501,13123,江戸川区
814729,36980,36980,44501,13123,江戸川区
814731,40469,40469,44502,13123,江戸川区
814732,26647,26647,44503,13122,葛飾区
814732,454,454,44503,13123,江戸川区
814733,7541,7541,44504,13101,千代田区
814733,69528,69528,44504,13102,中央区
814733,1095,1095,44504,13103,港区
814737,24099,24099,44505,13108,江東区
814738,300,300,44505,13108,江東区
814739,34,34,44505,13108,江東区
814740,56,56,44505,13108,江東区
814734,11177,11177,44505,13108,江東区
814735,54,54,44505,13108,江東区
814736,2433,2433,44505,13108,江東区
814745,2577,2577,44506,13103,港区
814746,50,50,44506,13108,江東区
814741,239,239,44506,13108,江東区
814742,4293,4293,44506,13108,江東区
814743,101,101,44506,13108,江東区
814744,1691,1691,44506,13108,江東区
814741,1,1,44506,13109,品川区
814745,1,1,44506,13109,品川区
814747,674,674,44507,11221,草加市
814748,7857,7857,44508,11234,八潮市
814749,237,237,44508,11234,八潮市
814750,608,608,44509,11237,三郷市
814751,5678,5678,44509,11237,三郷市
814752,54747,54747,44510,13123,江戸川区
814753,73490,73490,44511,13107,墨田区
814753,42,42,44511,13108,江東区
814754,19,19,44512,13107,墨田区
814754,64574,64574,44512,13108,江東区
814755,40431,40431,44513,13121,足立区
814756,442,442,44514,13121,足立区
814757,3988,3988,44514,13121,足立区
814758,444,444,44514,13121,足立区
814759,6187,6187,44515,13121,足立区
814760,10754,10754,44516,13116,豊島区
814760,30308,30308,44516,13117,北区
814760,16,16,44516,13119,板橋区
814761,44179,44179,44517,13117,北区
814761,3085,3085,44517,13118,荒川区
814762,68631,68631,44518,13108,江東区
814763,44693,44693,44519,13117,北区
814763,21985,21985,44519,13119,板橋区
814764,7949,7949,44520,13117,北区
814764,44305,44305,44520,13118,荒川区
814765,62,62,44521,11203,川口市
814765,1,1,44521,11221,草加市
814765,44075,44075,44521,13121,足立区
814766,45945,45945,44522,13203,武蔵野市
814766,1888,1888,44522,13204,三鷹市
814767,89,89,44523,13120,練馬区
814767,5664,5664,44523,13203,武蔵野市
814767,9797,9797,44523,13210,小金井市
814767,8333,8333,44523,13211,小平市
814767,546,546,44523,13222,東久留米市
814767,38251,38251,44523,13229,西東京市
814768,20510,20510,44524,13112,世田谷区
814768,4890,4890,44524,13115,杉並区
814768,24554,24554,44524,13204,三鷹市
814768,19765,19765,44524,13208,調布市
814769,883,883,44525,13204,三鷹市
814769,1723,1723,44525,13206,府中市
814769,62150,62150,44525,13208,調布市
814769,13167,13167,44525,13219,狛江市
814770,761,761,44526,11208,所沢市
814770,3386,3386,44526,11230,新座市
814770,623,623,44526,13211,小平市
814770,24379,24379,44526,13213,東村山市
814770,27087,27087,44526,13221,清瀬市
814771,77,77,44526,13221,清瀬市
814770,8782,8782,44526,13222,東久留米市
814772,3193,3193,44527,13202,立川市
814772,20272,20272,44527,13211,小平市
814772,22009,22009,44527,13214,国分寺市
814773,58284,58284,44528,13206,府中市
814774,58,58,44528,13206,府中市
814773,17,17,44528,13208,調布市
814774,22,22,44528,13208,調布市
814775,829,829,44529,11229,和光市
814776,420,420,44529,11229,和光市
814775,28958,28958,44529,13120,練馬区
814776,8710,8710,44529,13120,練馬区
814777,697,697,44530,13115,杉並区
814777,61765,61765,44530,13120,練馬区
814777,1228,1228,44530,13229,西東京市
814778,2900,2900,44531,11230,新座市
814779,17563,17563,44531,11230,新座市
814780,140,140,44531,11230,新座市
814781,39,39,44531,11230,新座市
814779,18,18,44531,13221,清瀬市
814783,3554,3554,44532,13202,立川市
814782,8084,8084,44532,13202,立川市
814782,4,4,44532,13207,昭島市
814782,9,9,44532,13220,東大和市
814782,2,2,44532,13223,武蔵村山市
814784,55733,55733,44533,13112,世田谷区
814784,48,48,44533,13115,杉並区
814784,6267,6267,44533,13208,調布市
814785,2,2,44534,13202,立川市
814785,10021,10021,44534,13211,小平市
814785,17301,17301,44534,13213,東村山市
814785,21658,21658,44534,13220,東大和市
814786,4,4,44535,13204,三鷹市
814786,10718,10718,44535,13206,府中市
814786,29690,29690,44535,13210,小金井市
814786,14459,14459,44535,13214,国分寺市
814787,133,133,44535,13214,国分寺市
814788,6968,6968,44536,11230,新座市
814788,10,10,44536,13120,練馬区
814788,3430,3430,44536,13222,東久留米市
814788,41738,41738,44536,13229,西東京市
814790,576,576,44537,13202,立川市
814789,27277,27277,44537,13202,立川市
814789,6648,6648,44537,13206,府中市
814789,3512,3512,44537,13214,国分寺市
814789,26800,26800,44537,13215,国立市
814791,27622,27622,44538,13206,府中市
814792,73,73,44538,13206,府中市
814793,10,10,44538,13206,府中市
814794,12,12,44538,13206,府中市
814795,514,514,44538,13206,府中市
814791,1032,1032,44538,13215,国立市
814795,463,463,44538,13215,国立市
814796,604,604,44539,13202,立川市
814797,27921,27921,44540,13202,立川市
814797,8980,8980,44540,13214,国分寺市
814797,3932,3932,44540,13215,国立市
814798,1428,1428,44541,11208,所沢市
814798,9349,9349,44541,13213,東村山市
814798,6721,6721,44541,13220,東大和市
814799,3946,3946,44542,11230,新座市
814799,677,677,44542,13211,小平市
814799,31278,31278,44542,13222,東久留米市
814799,8575,8575,44542,13229,西東京市
814800,424,424,44543,11229,和光市
814800,7011,7011,44543,11230,新座市
814800,34780,34780,44543,13120,練馬区
814800,142,142,44543,13229,西東京市
814801,4256,4256,44544,13112,世田谷区
814801,56592,56592,44544,13115,杉並区
814801,7946,7946,44544,13203,武蔵野市
814801,239,239,44544,13204,三鷹市
814802,10727,10727,44545,13203,武蔵野市
814802,58823,58823,44545,13204,三鷹市
814802,8364,8364,44545,13208,調布市
814802,1073,1073,44545,13210,小金井市
814803,42280,42280,44546,13115,杉並区
814803,23625,23625,44546,13120,練馬区
814803,7336,7336,44546,13203,武蔵野市
814803,147,147,44546,13229,西東京市
814804,18350,18350,44547,13112,世田谷区
814804,14643,14643,44547,13208,調布市
814804,27545,27545,44547,13219,狛江市
814805,18851,18851,44548,13210,小金井市
814805,35878,35878,44548,13211,小平市
814805,1523,1523,44548,13213,東村山市
814805,7742,7742,44548,13214,国分寺市
814806,1577,1577,44549,14106,横浜市保土ケ谷区
814808,169,169,44549,14106,横浜市保土ケ谷区
814809,28,28,44549,14106,横浜市保土ケ谷区
814806,9493,9493,44549,14112,横浜市旭区
814807,7284,7284,44549,14112,横浜市旭区
814808,96,96,44549,14112,横浜市旭区
814810,217,217,44549,14112,横浜市旭区
814811,52,52,44549,14112,横浜市旭区
814812,204,204,44549,14112,横浜市旭区
814813,632,632,44549,14112,横浜市旭区
814806,11064,11064,44549,14113,横浜市緑区
814814,593,593,44550,14113,横浜市緑区
814815,1506,1506,44550,14113,横浜市緑区
814817,868,868,44550,14113,横浜市緑区
814815,47633,47633,44550,14117,横浜市青葉区
814816,40,40,44550,14117,横浜市青葉区
814818,21,21,44551,14109,横浜市港北区
814818,9150,9150,44551,14117,横浜市青葉区
814822,34,34,44551,14118,横浜市都筑区
814823,30,30,44551,14118,横浜市都筑区
814824,254,254,44551,14118,横浜市都筑区
814818,36245,36245,44551,14118,横浜市都筑区
814819,615,615,44551,14118,横浜市都筑区
814820,3354,3354,44551,14118,横浜市都筑区
814821,20,20,44551,14118,横浜市都筑区
814825,17594,17594,44552,14117,横浜市青葉区
814825,3245,3245,44552,14136,川崎市宮前区
814826,113,113,44553,14133,川崎市中原区
814828,365,365,44553,14134,川崎市高津区
814836,341,341,44553,14134,川崎市高津区
814829,2075,2075,44553,14134,川崎市高津区
814837,100,100,44553,14134,川崎市高津区
814830,149,149,44553,14134,川崎市高津区
814826,48942,48942,44553,14134,川崎市高津区
814834,299,299,44553,14134,川崎市高津区
814827,944,944,44553,14134,川崎市高津区
814831,1649,1649,44553,14135,川崎市多摩区
814832,840,840,44553,14135,川崎市多摩区
814833,211,211,44553,14135,川崎市多摩区
814834,173,173,44553,14135,川崎市多摩区
814827,1646,1646,44553,14135,川崎市多摩区
814835,3677,3677,44553,14135,川崎市多摩区
814832,137,137,44553,14136,川崎市宮前区
814833,3238,3238,44553,14136,川崎市宮前区
814826,632,632,44553,14136,川崎市宮前区
814838,1,1,44554,14132,川崎市幸区
814838,42224,42224,44554,14133,川崎市中原区
814839,25288,25288,44555,14109,横浜市港北区
814839,198,198,44555,14118,横浜市都筑区
814840,7,7,44555,14118,横浜市都筑区
814839,1654,1654,44555,14133,川崎市中原区
814839,5480,5480,44555,14134,川崎市高津区
814840,1715,1715,44555,14134,川崎市高津区
814841,13881,13881,44556,14132,川崎市幸区
814841,10306,10306,44556,14133,川崎市中原区
814851,927,927,44557,14131,川崎市川崎区
814852,38,38,44557,14131,川崎市川崎区
814842,38944,38944,44557,14131,川崎市川崎区
814853,10,10,44557,14131,川崎市川崎区
814843,1627,1627,44557,14131,川崎市川崎区
814854,235,235,44557,14131,川崎市川崎区
814844,168,168,44557,14131,川崎市川崎区
814855,18,18,44557,14131,川崎市川崎区
814845,92,92,44557,14131,川崎市川崎区
814846,8,8,44557,14131,川崎市川崎区
814847,43,43,44557,14131,川崎市川崎区
814848,88,88,44557,14131,川崎市川崎区
814849,31,31,44557,14131,川崎市川崎区
814850,1583,1583,44557,14131,川崎市川崎区
814856,31909,31909,44558,14101,横浜市鶴見区
814857,2577,2577,44559,14101,横浜市鶴見区
814858,67,67,44559,14101,横浜市鶴見区
814857,289,289,44559,14102,横浜市神奈川区
814857,33091,33091,44559,14109,横浜市港北区
814858,14,14,44559,14109,横浜市港北区
814859,279,279,44560,14102,横浜市神奈川区
814860,396,396,44560,14102,横浜市神奈川区
814861,6586,6586,44560,14102,横浜市神奈川区
814859,5914,5914,44560,14103,横浜市西区
814859,19336,19336,44560,14106,横浜市保土ケ谷区
814861,837,837,44560,14106,横浜市保土ケ谷区
814861,982,982,44560,14109,横浜市港北区
814862,50192,50192,44561,14105,横浜市南区
814863,3599,3599,44561,14106,横浜市保土ケ谷区
814864,236,236,44561,14106,横浜市保土ケ谷区
814862,1888,1888,44561,14106,横浜市保土ケ谷区
814862,15898,15898,44561,14107,横浜市磯子区
814863,1205,1205,44561,14110,横浜市戸塚区
814862,3203,3203,44561,14111,横浜市港南区
814865,33450,33450,44562,14103,横浜市西区
814866,58,58,44562,14103,横浜市西区
814867,90,90,44562,14103,横浜市西区
814865,7107,7107,44562,14104,横浜市中区
814865,7087,7087,44562,14105,横浜市南区
814865,904,904,44562,14106,横浜市保土ケ谷区
814869,935,935,44563,14102,横浜市神奈川区
814868,12466,12466,44563,14102,横浜市神奈川区
814870,15477,15477,44564,14104,横浜市中区
814870,1083,1083,44564,14107,横浜市磯子区
814871,11,11,44565,14101,横浜市鶴見区
814872,19,19,44565,14101,横浜市鶴見区
814873,8369,8369,44565,14101,横浜市鶴見区
814874,5,5,44565,14101,横浜市鶴見区
814873,3008,3008,44565,14102,横浜市神奈川区
814875,32425,32425,44566,14101,横浜市鶴見区
814875,12772,12772,44566,14102,横浜市神奈川区
814877,4,4,44567,14133,川崎市中原区
814878,6015,6015,44567,14133,川崎市中原区
814876,13138,13138,44567,14133,川崎市中原区
814876,2653,2653,44567,14134,川崎市高津区
814878,15027,15027,44567,14134,川崎市高津区
814878,95,95,44567,14136,川崎市宮前区
814879,277,277,44568,14103,横浜市西区
814879,112,112,44568,14104,横浜市中区
814880,1400,1400,44569,14101,横浜市鶴見区
814881,18,18,44569,14101,横浜市鶴見区
814882,33,33,44569,14101,横浜市鶴見区
814883,59,59,44569,14101,横浜市鶴見区
814880,35137,35137,44569,14131,川崎市川崎区
814881,68,68,44569,14131,川崎市川崎区
814888,343,343,44570,14102,横浜市神奈川区
814884,3840,3840,44570,14102,横浜市神奈川区
814889,1889,1889,44570,14102,横浜市神奈川区
814890,29,29,44570,14102,横浜市神奈川区
814891,615,615,44570,14102,横浜市神奈川区
814888,4135,4135,44570,14106,横浜市保土ケ谷区
814885,245,245,44570,14109,横浜市港北区
814891,49,49,44570,14109,横浜市港北区
814884,3125,3125,44570,14109,横浜市港北区
814888,650,650,44570,14112,横浜市旭区
814885,1290,1290,44570,14113,横浜市緑区
814886,1513,1513,44570,14113,横浜市緑区
814887,3323,3323,44570,14113,横浜市緑区
814888,7427,7427,44570,14113,横浜市緑区
814884,3138,3138,44570,14113,横浜市緑区
814892,2123,2123,44571,14102,横浜市神奈川区
814892,13768,13768,44571,14106,横浜市保土ケ谷区
814893,40,40,44571,14106,横浜市保土ケ谷区
814894,1877,1877,44571,14106,横浜市保土ケ谷区
814892,118,118,44571,14112,横浜市旭区
814893,8999,8999,44571,14112,横浜市旭区
814894,1226,1226,44571,14112,横浜市旭区
814896,16,16,44572,14117,横浜市青葉区
814895,31742,31742,44572,14117,横浜市青葉区
814895,81,81,44572,14136,川崎市宮前区
814896,1,1,44572,14137,川崎市麻生区
814895,2442,2442,44572,14137,川崎市麻生区
814897,1549,1549,44573,14102,横浜市神奈川区
814906,8939,8939,44574,14109,横浜市港北区
814907,454,454,44574,14109,横浜市港北区
814898,11938,11938,44574,14109,横浜市港北区
814899,5,5,44574,14109,横浜市港北区
814900,373,373,44574,14109,横浜市港北区
814901,20,20,44574,14109,横浜市港北区
814903,127,127,44574,14109,横浜市港北区
814904,19,19,44574,14109,横浜市港北区
814905,25,25,44574,14118,横浜市都筑区
814902,252,252,44574,14118,横浜市都筑区
814908,30886,30886,44575,14109,横浜市港北区
814908,470,470,44575,14133,川崎市中原区
814909,23249,23249,44576,14102,横浜市神奈川区
814909,21291,21291,44576,14109,横浜市港北区
814910,38311,38311,44577,14102,横浜市神奈川区
814910,10898,10898,44577,14103,横浜市西区
814911,35,35,44577,14103,横浜市西区
814910,30,30,44577,14109,横浜市港北区
814912,1,1,44578,14105,横浜市南区
814912,27015,27015,44578,14106,横浜市保土ケ谷区
814912,15,15,44578,14112,横浜市旭区
814913,40800,40800,44579,14133,川崎市中原区
814914,1524,1524,44579,14133,川崎市中原区
814915,4307,4307,44580,14101,横浜市鶴見区
814917,10849,10849,44580,14101,横浜市鶴見区
814917,40,40,44580,14131,川崎市川崎区
814915,13904,13904,44580,14132,川崎市幸区
814916,924,924,44580,14132,川崎市幸区
814917,3403,3403,44580,14132,川崎市幸区
814918,2735,2735,44581,14101,横浜市鶴見区
814918,37394,37394,44581,14132,川崎市幸区
814919,1203,1203,44582,14133,川崎市中原区
814921,472,472,44583,14117,横浜市青葉区
814920,152,152,44583,14118,横浜市都筑区
814921,27373,27373,44583,14118,横浜市都筑区
814921,803,803,44583,14136,川崎市宮前区
814922,8,8,44584,14117,横浜市青葉区
814922,541,541,44584,14118,横浜市都筑区
814924,55,55,44584,14134,川崎市高津区
814925,185,185,44584,14134,川崎市高津区
814922,918,918,44584,14134,川崎市高津区
814922,18633,18633,44584,14136,川崎市宮前区
814923,178,178,44584,14136,川崎市宮前区
814924,2162,2162,44584,14136,川崎市宮前区
814925,108,108,44584,14136,川崎市宮前区
814926,81,81,44585,14117,横浜市青葉区
814926,7907,7907,44585,14134,川崎市高津区
814926,37917,37917,44585,14136,川崎市宮前区
814927,3480,3480,44585,14136,川崎市宮前区
814928,25847,25847,44586,14101,横浜市鶴見区
814928,24106,24106,44586,14131,川崎市川崎区
814929,469,469,44586,14131,川崎市川崎区
814930,56236,56236,44587,14104,横浜市中区
814931,637,637,44587,14104,横浜市中区
814932,274,274,44587,14104,横浜市中区
814930,23132,23132,44587,14105,横浜市南区
814935,124,124,44588,13209,町田市
814937,89,89,44588,14153,相模原市南区
814933,25940,25940,44588,14153,相模原市南区
814934,238,238,44588,14153,相模原市南区
814935,4215,4215,44588,14153,相模原市南区
814936,369,369,44588,14153,相模原市南区
814946,117,117,44589,14152,相模原市中央区
814947,440,440,44589,14152,相模原市中央区
814938,20461,20461,44589,14152,相模原市中央区
814948,562,562,44589,14152,相模原市中央区
814939,335,335,44589,14152,相模原市中央区
814949,483,483,44589,14152,相模原市中央区
814940,3,3,44589,14152,相模原市中央区
814941,59,59,44589,14152,相模原市中央区
814951,8,8,44589,14152,相模原市中央区
814944,800,800,44589,14152,相模原市中央区
814945,4,4,44589,14152,相模原市中央区
814950,6,6,44589,14153,相模原市南区
814942,1851,1851,44589,14153,相模原市南区
814943,121,121,44589,14153,相模原市南区
814945,91,91,44589,14153,相模原市南区
814952,32699,32699,44590,13209,町田市
814953,669,669,44590,13209,町田市
814954,1477,1477,44590,13209,町田市
814952,136,136,44590,14113,横浜市緑区
814952,6764,6764,44590,14117,横浜市青葉区
814955,34673,34673,44591,13209,町田市
814955,1269,1269,44591,14153,相模原市南区
814957,150,150,44592,13225,稲城市
814956,1014,1014,44592,14135,川崎市多摩区
814957,13756,13756,44592,14135,川崎市多摩区
814958,1448,1448,44592,14135,川崎市多摩区
814959,21520,21520,44592,14135,川崎市多摩区
814960,3991,3991,44592,14135,川崎市多摩区
814961,3089,3089,44592,14135,川崎市多摩区
814962,246,246,44592,14135,川崎市多摩区
814957,93,93,44592,14137,川崎市麻生区
814963,4152,4152,44593,13201,八王子市
814965,554,554,44593,13201,八王子市
814965,2,2,44593,13209,町田市
814964,818,818,44593,13212,日野市
814963,4226,4226,44593,13224,多摩市
814964,39234,39234,44593,13224,多摩市
814965,14451,14451,44593,13224,多摩市
814968,2454,2454,44594,13201,八王子市
814976,1,1,44594,13201,八王子市
814971,5261,5261,44594,13201,八王子市
814972,163,163,44594,13201,八王子市
814966,30,30,44594,13201,八王子市
814973,282,282,44594,13201,八王子市
814967,905,905,44594,13201,八王子市
814975,2243,2243,44594,13201,八王子市
814975,548,548,44594,13212,日野市
814968,13729,13729,44594,13212,日野市
814976,3103,3103,44594,13212,日野市
814969,1029,1029,44594,13212,日野市
814970,1369,1369,44594,13212,日野市
814974,1479,1479,44594,13212,日野市
814967,1,1,44594,13212,日野市
814967,1287,1287,44594,13224,多摩市
814968,859,859,44594,13224,多摩市
814977,4784,4784,44595,13201,八王子市
814978,1860,1860,44595,13201,八王子市
814979,415,415,44595,13201,八王子市
814980,3694,3694,44595,13201,八王子市
814981,74,74,44595,13201,八王子市
814982,464,464,44595,13212,日野市
814977,42542,42542,44595,13212,日野市
814980,3,3,44595,13212,日野市
814983,51982,51982,44596,13201,八王子市
814984,258,258,44596,13201,八王子市
814985,18204,18204,44597,13201,八王子市
814986,16739,16739,44597,13201,八王子市
814987,603,603,44597,13201,八王子市
814988,89,89,44597,13201,八王子市
814989,33,33,44597,13201,八王子市
814990,338,338,44597,13201,八王子市
814991,289,289,44598,13209,町田市
814992,719,719,44598,14151,相模原市緑区
814993,941,941,44598,14151,相模原市緑区
814994,383,383,44598,14151,相模原市緑区
814995,1234,1234,44598,14151,相模原市緑区
814996,4112,4112,44598,14151,相模原市緑区
814997,5,5,44598,14151,相模原市緑区
814998,362,362,44598,14151,相模原市緑区
814991,12248,12248,44598,14151,相模原市緑区
814991,67,67,44598,14152,相模原市中央区
814994,363,363,44598,14152,相模原市中央区
814995,1339,1339,44598,14152,相模原市中央区
815000,105,105,44599,13209,町田市
815001,494,494,44599,13209,町田市
814999,6028,6028,44599,13209,町田市
814999,1,1,44599,14152,相模原市中央区
815002,241,241,44600,13209,町田市
815003,75,75,44600,13209,町田市
815004,8069,8069,44600,13209,町田市
815005,156,156,44600,13209,町田市
815006,840,840,44600,13209,町田市
815007,491,491,44600,13209,町田市
815010,8,8,44601,13224,多摩市
815009,20896,20896,44601,13225,稲城市
815010,3848,3848,44601,13225,稲城市
815011,41,41,44601,13225,稲城市
815008,5296,5296,44601,13225,稲城市
815009,19,19,44601,14135,川崎市多摩区
815008,1,1,44601,14137,川崎市麻生区
815010,7,7,44601,14137,川崎市麻生区
815014,535,535,44602,13209,町田市
815012,2395,2395,44602,13209,町田市
815012,11,11,44602,13225,稲城市
815014,370,370,44602,14137,川崎市麻生区
815012,11215,11215,44602,14137,川崎市麻生区
815013,513,513,44602,14137,川崎市麻生区
815015,4,4,44603,13209,町田市
815019,51,51,44603,13209,町田市
815015,61,61,44603,14151,相模原市緑区
815015,19671,19671,44603,14152,相模原市中央区
815016,1397,1397,44603,14152,相模原市中央区
815017,39,39,44603,14152,相模原市中央区
815018,1586,1586,44603,14152,相模原市中央区
815019,7167,7167,44603,14152,相模原市中央区
815019,2726,2726,44603,14153,相模原市南区
815023,375,375,44604,13209,町田市
815024,1989,1989,44604,13209,町田市
815020,38,38,44604,13225,稲城市
815021,6,6,44604,14117,横浜市青葉区
815024,570,570,44604,14117,横浜市青葉区
815020,194,194,44604,14135,川崎市多摩区
815020,267,267,44604,14136,川崎市宮前区
815024,508,508,44604,14137,川崎市麻生区
815020,41564,41564,44604,14137,川崎市麻生区
815021,772,772,44604,14137,川崎市麻生区
815022,317,317,44604,14137,川崎市麻生区
815025,28830,28830,44605,13201,八王子市
815025,4,4,44605,13209,町田市
815026,15126,15126,44606,14135,川崎市多摩区
815027,491,491,44606,14135,川崎市多摩区
815029,211,211,44606,14135,川崎市多摩区
815030,1274,1274,44606,14136,川崎市宮前区
815026,1,1,44606,14136,川崎市宮前区
815027,4635,4635,44606,14136,川崎市宮前区
815028,228,228,44606,14136,川崎市宮前区
815029,806,806,44606,14136,川崎市宮前区
815026,3684,3684,44606,14137,川崎市麻生区
815031,90,90,44607,13209,町田市
815031,6025,6025,44607,14112,横浜市旭区
815031,27671,27671,44607,14113,横浜市緑区
815032,2,2,44607,14113,横浜市緑区
815031,2009,2009,44607,14117,横浜市青葉区
815033,25975,25975,44608,14153,相模原市南区
815034,14123,14123,44608,14153,相模原市南区
815035,17,17,44608,14153,相模原市南区
815034,553,553,44608,14213,大和市
815033,4862,4862,44608,14216,座間市
815036,16506,16506,44609,13209,町田市
815037,10587,10587,44609,13209,町田市
815038,10044,10044,44609,13209,町田市
815039,303,303,44609,13209,町田市
815036,6,6,44609,14137,川崎市麻生区
815038,138,138,44609,14137,川崎市麻生区
815040,171,171,44610,14151,相模原市緑区
815041,2552,2552,44611,14137,川崎市麻生区
815042,487,487,44612,13201,八王子市
815045,2271,2271,44613,13201,八王子市
815046,2097,2097,44613,13201,八王子市
815047,492,492,44613,13201,八王子市
815048,669,669,44613,13201,八王子市
815050,2962,2962,44613,13201,八王子市
815043,28087,28087,44613,13201,八王子市
815044,842,842,44613,13209,町田市
815049,25,25,44613,13209,町田市
815051,13873,13873,44614,14203,平塚市
815052,132,132,44614,14203,平塚市
815052,140,140,44614,14341,中郡大磯町
815061,244,244,44615,14205,藤沢市
815054,702,702,44615,14207,茅ケ崎市
815055,546,546,44615,14207,茅ケ崎市
815057,7,7,44615,14207,茅ケ崎市
815058,4,4,44615,14207,茅ケ崎市
815059,15,15,44615,14207,茅ケ崎市
815060,662,662,44615,14207,茅ケ崎市
815061,3336,3336,44615,14207,茅ケ崎市
815062,4,4,44615,14207,茅ケ崎市
815053,19409,19409,44615,14207,茅ケ崎市
815056,161,161,44615,14321,高座郡寒川町
815062,4544,4544,44615,14321,高座郡寒川町
815075,222,222,44616,14213,大和市
815070,784,784,44616,14215,海老名市
815063,1950,1950,44616,14215,海老名市
815071,582,582,44616,14215,海老名市
815077,166,166,44616,14215,海老名市
815072,187,187,44616,14215,海老名市
815064,2904,2904,44616,14215,海老名市
815073,1155,1155,44616,14215,海老名市
815078,243,243,44616,14215,海老名市
815065,132,132,44616,14215,海老名市
815074,3,3,44616,14215,海老名市
815079,24,24,44616,14215,海老名市
815066,2876,2876,44616,14215,海老名市
815080,308,308,44616,14215,海老名市
815081,169,169,44616,14215,海老名市
815067,3,3,44616,14215,海老名市
815075,3300,3300,44616,14215,海老名市
815068,245,245,44616,14215,海老名市
815083,242,242,44616,14215,海老名市
815084,874,874,44616,14215,海老名市
815069,3630,3630,44616,14215,海老名市
815076,360,360,44616,14215,海老名市
815076,2114,2114,44616,14216,座間市
815077,20,20,44616,14216,座間市
815066,54,54,44616,14216,座間市
815075,83,83,44616,14216,座間市
815063,1510,1510,44616,14218,綾瀬市
815074,1,1,44616,14218,綾瀬市
815068,4,4,44616,14218,綾瀬市
815075,520,520,44616,14218,綾瀬市
815082,331,331,44616,14321,高座郡寒川町
815085,117,117,44616,14321,高座郡寒川町
815086,28435,28435,44617,14205,藤沢市
815087,1903,1903,44617,14205,藤沢市
815088,2002,2002,44617,14205,藤沢市
815089,111,111,44617,14205,藤沢市
815090,2,2,44617,14205,藤沢市
815091,735,735,44617,14205,藤沢市
815092,597,597,44617,14205,藤沢市
815093,17,17,44617,14205,藤沢市
815092,906,906,44617,14207,茅ケ崎市
815096,18,18,44618,14204,鎌倉市
815094,17476,17476,44618,14204,鎌倉市
815095,9105,9105,44618,14208,逗子市
815096,4727,4727,44618,14208,逗子市
815106,445,445,44619,14204,鎌倉市
815103,286,286,44619,14208,逗子市
815105,523,523,44619,14208,逗子市
815097,296,296,44619,14208,逗子市
815106,1454,1454,44619,14208,逗子市
815098,3056,3056,44619,14208,逗子市
815107,728,728,44619,14208,逗子市
815099,459,459,44619,14208,逗子市
815101,399,399,44619,14208,逗子市
815102,534,534,44619,14208,逗子市
815104,137,137,44619,14301,三浦郡葉山町
815097,1170,1170,44619,14301,三浦郡葉山町
815099,1928,1928,44619,14301,三浦郡葉山町
815100,20,20,44619,14301,三浦郡葉山町
815112,68,68,44620,14201,横須賀市
815113,2129,2129,44620,14201,横須賀市
815114,65,65,44620,14201,横須賀市
815115,877,877,44620,14201,横須賀市
815116,1369,1369,44620,14201,横須賀市
815117,924,924,44620,14201,横須賀市
815108,2365,2365,44620,14201,横須賀市
815109,4396,4396,44620,14201,横須賀市
815110,3518,3518,44620,14201,横須賀市
815111,1323,1323,44620,14201,横須賀市
815118,3211,3211,44621,14153,相模原市南区
815118,35916,35916,44621,14213,大和市
815120,1,1,44621,14215,海老名市
815120,2352,2352,44621,14216,座間市
815121,693,693,44621,14216,座間市
815122,117,117,44621,14216,座間市
815123,418,418,44621,14216,座間市
815124,72,72,44621,14216,座間市
815125,585,585,44621,14216,座間市
815126,449,449,44621,14216,座間市
815127,563,563,44621,14216,座間市
815118,4898,4898,44621,14216,座間市
815128,2414,2414,44621,14216,座間市
815119,1378,1378,44621,14216,座間市
815129,177,177,44621,14216,座間市
815133,2158,2158,44622,14112,横浜市旭区
815130,26504,26504,44622,14112,横浜市旭区
815130,9018,9018,44622,14114,横浜市瀬谷区
815131,1653,1653,44622,14114,横浜市瀬谷区
815132,486,486,44622,14114,横浜市瀬谷区
815139,3149,3149,44623,14110,横浜市戸塚区
815141,960,960,44623,14110,横浜市戸塚区
815134,11142,11142,44623,14110,横浜市戸塚区
815135,848,848,44623,14110,横浜市戸塚区
815136,1104,1104,44623,14110,横浜市戸塚区
815137,10295,10295,44623,14110,横浜市戸塚区
815138,238,238,44623,14110,横浜市戸塚区
815138,5828,5828,44623,14112,横浜市旭区
815140,645,645,44623,14112,横浜市旭区
815138,7420,7420,44623,14116,横浜市泉区
815134,11014,11014,44623,14116,横浜市泉区
815142,12589,12589,44624,14110,横浜市戸塚区
815143,895,895,44624,14110,横浜市戸塚区
815144,86,86,44624,14110,横浜市戸塚区
815142,19802,19802,44624,14111,横浜市港南区
815145,5104,5104,44625,14105,横浜市南区
815145,6301,6301,44625,14107,横浜市磯子区
815145,28310,28310,44625,14111,横浜市港南区
815148,61,61,44626,14107,横浜市磯子区
815146,3164,3164,44626,14110,横浜市戸塚区
815148,16448,16448,44626,14111,横浜市港南区
815146,4161,4161,44626,14115,横浜市栄区
815147,1927,1927,44626,14115,横浜市栄区
815148,15071,15071,44626,14115,横浜市栄区
815149,35,35,44626,14115,横浜市栄区
815148,252,252,44626,14204,鎌倉市
815152,440,440,44627,14108,横浜市金沢区
815150,29080,29080,44627,14108,横浜市金沢区
815151,6,6,44627,14108,横浜市金沢区
815155,50,50,44628,14203,平塚市
815153,63,63,44628,14205,藤沢市
815153,35571,35571,44628,14207,茅ケ崎市
815154,840,840,44628,14207,茅ケ崎市
815155,1363,1363,44628,14207,茅ケ崎市
815156,1270,1270,44628,14207,茅ケ崎市
815160,956,956,44629,14203,平塚市
815161,652,652,44629,14203,平塚市
815162,405,405,44629,14203,平塚市
815157,569,569,44629,14203,平塚市
815159,1069,1069,44629,14203,平塚市
815160,2,2,44629,14217,南足柄市
815160,41,41,44629,14361,足柄上郡中井町
815158,32,32,44629,14361,足柄上郡中井町
815160,1,1,44629,14366,足柄上郡開成町
815163,1233,1233,44630,14213,大和市
815169,15,15,44630,14215,海老名市
815163,114,114,44630,14215,海老名市
815164,202,202,44630,14215,海老名市
815166,4,4,44630,14218,綾瀬市
815167,3,3,44630,14218,綾瀬市
815168,36,36,44630,14218,綾瀬市
815169,2065,2065,44630,14218,綾瀬市
815170,3,3,44630,14218,綾瀬市
815164,891,891,44630,14218,綾瀬市
815165,2384,2384,44630,14218,綾瀬市
815175,60,60,44631,14205,藤沢市
815171,33042,33042,44631,14205,藤沢市
815172,26,26,44631,14205,藤沢市
815173,126,126,44631,14205,藤沢市
815174,139,139,44631,14205,藤沢市
815171,1295,1295,44631,14207,茅ケ崎市
815175,85,85,44631,14213,大和市
815174,1977,1977,44631,14218,綾瀬市
815175,392,392,44631,14218,綾瀬市
815176,997,997,44632,14108,横浜市金沢区
815177,918,918,44632,14108,横浜市金沢区
815181,1012,1012,44632,14201,横須賀市
815182,141,141,44632,14201,横須賀市
815183,159,159,44632,14201,横須賀市
815177,10121,10121,44632,14201,横須賀市
815178,35,35,44632,14201,横須賀市
815179,3141,3141,44632,14201,横須賀市
815180,257,257,44632,14201,横須賀市
815187,375,375,44633,14201,横須賀市
815184,119,119,44633,14301,三浦郡葉山町
815185,627,627,44633,14301,三浦郡葉山町
815186,216,216,44633,14301,三浦郡葉山町
815187,19,19,44633,14301,三浦郡葉山町
815188,645,645,44633,14301,三浦郡葉山町
815191,222,222,44634,14201,横須賀市
815192,85,85,44634,14201,横須賀市
815193,63,63,44634,14201,横須賀市
815194,282,282,44634,14201,横須賀市
815195,271,271,44634,14201,横須賀市
815196,632,632,44634,14201,横須賀市
815197,603,603,44634,14201,横須賀市
815189,34728,34728,44634,14201,横須賀市
815190,423,423,44634,14201,横須賀市
815202,816,816,44635,14201,横須賀市
815203,240,240,44635,14201,横須賀市
815204,198,198,44635,14201,横須賀市
815205,990,990,44635,14201,横須賀市
815206,1588,1588,44635,14201,横須賀市
815198,21886,21886,44635,14201,横須賀市
815199,267,267,44635,14201,横須賀市
815200,2294,2294,44635,14201,横須賀市
815201,1168,1168,44635,14201,横須賀市
815212,70,70,44636,14201,横須賀市
815213,460,460,44636,14201,横須賀市
815214,5,5,44636,14201,横須賀市
815215,91,91,44636,14201,横須賀市
815207,426,426,44636,14201,横須賀市
815217,175,175,44636,14201,横須賀市
815208,2118,2118,44636,14201,横須賀市
815218,1426,1426,44636,14201,横須賀市
815209,289,289,44636,14201,横須賀市
815210,448,448,44636,14201,横須賀市
815211,615,615,44636,14201,横須賀市
815215,2583,2583,44636,14210,三浦市
815216,334,334,44636,14210,三浦市
815219,613,613,44636,14210,三浦市
815221,1089,1089,44637,14110,横浜市戸塚区
815223,4447,4447,44637,14110,横浜市戸塚区
815220,11890,11890,44637,14110,横浜市戸塚区
815222,3693,3693,44637,14116,横浜市泉区
815224,2163,2163,44637,14116,横浜市泉区
815225,570,570,44637,14116,横浜市泉区
815226,652,652,44637,14116,横浜市泉区
815227,1838,1838,44637,14116,横浜市泉区
815228,3,3,44637,14116,横浜市泉区
815220,10218,10218,44637,14116,横浜市泉区
815224,2710,2710,44637,14205,藤沢市
815224,2186,2186,44637,14213,大和市
815229,29520,29520,44638,14213,大和市
815230,1500,1500,44638,14213,大和市
815231,10882,10882,44639,14108,横浜市金沢区
815232,22,22,44639,14108,横浜市金沢区
815233,3932,3932,44640,14204,鎌倉市
815233,49488,49488,44640,14205,藤沢市
815234,330,330,44640,14205,藤沢市
815235,200,200,44640,14205,藤沢市
815236,1603,1603,44640,14205,藤沢市
815233,404,404,44640,14207,茅ケ崎市
815239,17,17,44641,13209,町田市
815241,180,180,44641,14112,横浜市旭区
815237,54,54,44641,14112,横浜市旭区
815237,19978,19978,44641,14114,横浜市瀬谷区
815244,2,2,44641,14114,横浜市瀬谷区
815238,823,823,44641,14114,横浜市瀬谷区
815239,788,788,44641,14114,横浜市瀬谷区
815240,247,247,44641,14114,横浜市瀬谷区
815241,59,59,44641,14114,横浜市瀬谷区
815242,214,214,44641,14114,横浜市瀬谷区
815243,370,370,44641,14114,横浜市瀬谷区
815240,1029,1029,44641,14116,横浜市泉区
815237,602,602,44641,14213,大和市
815251,6,6,44642,14110,横浜市戸塚区
815245,934,934,44642,14110,横浜市戸塚区
815252,7800,7800,44642,14110,横浜市戸塚区
815254,99,99,44642,14110,横浜市戸塚区
815249,229,229,44642,14110,横浜市戸塚区
815246,21,21,44642,14115,横浜市栄区
815247,142,142,44642,14115,横浜市栄区
815252,4,4,44642,14115,横浜市栄区
815253,404,404,44642,14115,横浜市栄区
815248,559,559,44642,14115,横浜市栄区
815250,152,152,44642,14204,鎌倉市
815251,203,203,44642,14204,鎌倉市
815247,3939,3939,44642,14204,鎌倉市
815248,552,552,44642,14204,鎌倉市
815249,3322,3322,44642,14204,鎌倉市
815249,13358,13358,44642,14205,藤沢市
815255,3787,3787,44643,14107,横浜市磯子区
815256,975,975,44643,14107,横浜市磯子区
815255,36223,36223,44643,14108,横浜市金沢区
815257,450,450,44644,14205,藤沢市
815258,3410,3410,44645,14105,横浜市南区
815258,518,518,44645,14106,横浜市保土ケ谷区
815258,12201,12201,44645,14110,横浜市戸塚区
815259,916,916,44645,14110,横浜市戸塚区
815258,9278,9278,44645,14111,横浜市港南区
815259,125,125,44645,14111,横浜市港南区
815260,39145,39145,44646,14107,横浜市磯子区
815261,225,225,44646,14107,横浜市磯子区
815262,274,274,44646,14107,横浜市磯子区
815260,1091,1091,44646,14108,横浜市金沢区
815260,4210,4210,44646,14111,横浜市港南区
815263,3,3,44647,14108,横浜市金沢区
815263,7895,7895,44647,14115,横浜市栄区
815264,183,183,44647,14115,横浜市栄区
815265,9044,9044,44647,14115,横浜市栄区
815266,1187,1187,44647,14115,横浜市栄区
815267,995,995,44647,14115,横浜市栄区
815265,9617,9617,44647,14204,鎌倉市
815268,403,403,44647,14204,鎌倉市
815270,21,21,44648,14203,平塚市
815281,1,1,44648,14203,平塚市
815271,60,60,44648,14203,平塚市
815272,281,281,44648,14203,平塚市
815273,59,59,44648,14203,平塚市
815274,1226,1226,44648,14203,平塚市
815275,370,370,44648,14203,平塚市
815276,136,136,44648,14203,平塚市
815277,46,46,44648,14203,平塚市
815278,52,52,44648,14203,平塚市
815269,21424,21424,44648,14203,平塚市
815279,14,14,44648,14203,平塚市
815280,3,3,44648,14203,平塚市
815269,10,10,44648,14341,中郡大磯町
815292,67,67,44649,14204,鎌倉市
815282,268,268,44649,14204,鎌倉市
815293,30,30,44649,14204,鎌倉市
815283,2285,2285,44649,14204,鎌倉市
815294,185,185,44649,14204,鎌倉市
815284,613,613,44649,14204,鎌倉市
815295,1246,1246,44649,14204,鎌倉市
815285,6946,6946,44649,14204,鎌倉市
815296,1582,1582,44649,14204,鎌倉市
815286,89,89,44649,14204,鎌倉市
815297,361,361,44649,14204,鎌倉市
815298,1638,1638,44649,14204,鎌倉市
815288,38,38,44649,14204,鎌倉市
815299,2485,2485,44649,14204,鎌倉市
815290,88,88,44649,14204,鎌倉市
815291,5911,5911,44649,14204,鎌倉市
815287,904,904,44649,14205,藤沢市
815289,665,665,44649,14205,藤沢市
815300,1067,1067,44650,14203,平塚市
815314,160,160,44651,11102,さいたま市北区
815302,9885,9885,44651,11219,上尾市
815303,546,546,44651,11219,上尾市
815304,218,218,44651,11219,上尾市
815315,2,2,44651,11219,上尾市
815301,3452,3452,44651,11219,上尾市
815312,19,19,44651,11232,久喜市
815305,2,2,44651,11232,久喜市
815317,5,5,44651,11232,久喜市
815311,15,15,44651,11232,久喜市
815313,2,2,44651,11238,蓮田市
815306,84,84,44651,11238,蓮田市
815316,2,2,44651,11238,蓮田市
815307,201,201,44651,11238,蓮田市
815308,379,379,44651,11238,蓮田市
815313,211,211,44651,11246,白岡市
815310,779,779,44651,11246,白岡市
815304,329,329,44651,11301,北足立郡伊奈町
815309,74,74,44651,11301,北足立郡伊奈町
815324,169,169,44652,11101,さいたま市西区
815320,223,223,44652,11101,さいたま市西区
815321,3007,3007,44652,11102,さいたま市北区
815321,540,540,44652,11219,上尾市
815322,131,131,44652,11219,上尾市
815323,367,367,44652,11219,上尾市
815324,8,8,44652,11219,上尾市
815318,17347,17347,44652,11219,上尾市
815319,3264,3264,44652,11219,上尾市
815320,53,53,44652,11219,上尾市
815325,1022,1022,44653,11105,さいたま市中央区
815325,3952,3952,44653,11106,さいたま市桜区
815325,20644,20644,44653,11107,さいたま市浦和区
815325,40076,40076,44653,11108,さいたま市南区
815325,688,688,44653,11224,戸田市
815326,1892,1892,44654,11103,さいたま市大宮区
815327,23412,23412,44654,11103,さいたま市大宮区
815327,52,52,44654,11104,さいたま市見沼区
815327,155,155,44654,11105,さいたま市中央区
815327,10066,10066,44654,11107,さいたま市浦和区
815327,33,33,44654,11109,さいたま市緑区
815328,83339,83339,44655,11203,川口市
815329,8,8,44655,11203,川口市
815328,7963,7963,44655,11223,蕨市
815328,78,78,44655,13121,足立区
815330,2027,2027,44656,11108,さいたま市南区
815330,28655,28655,44656,11203,川口市
815330,23691,23691,44656,11223,蕨市
815331,3,3,44656,11223,蕨市
815330,42947,42947,44656,11224,戸田市
815337,54,54,44657,11101,さいたま市西区
815335,918,918,44657,11101,さいたま市西区
815336,162,162,44657,11103,さいたま市大宮区
815333,845,845,44657,11103,さいたま市大宮区
815333,2925,2925,44657,11105,さいたま市中央区
815337,24,24,44657,11106,さいたま市桜区
815332,13,13,44657,11106,さいたま市桜区
815333,9917,9917,44657,11106,さいたま市桜区
815334,330,330,44657,11106,さいたま市桜区
815339,829,829,44658,11102,さいたま市北区
815340,20372,20372,44658,11102,さいたま市北区
815341,1922,1922,44658,11102,さいたま市北区
815341,54,54,44658,11103,さいたま市大宮区
815340,622,622,44658,11103,さいたま市大宮区
815338,18658,18658,44658,11104,さいたま市見沼区
815342,3,3,44658,11110,さいたま市岩槻区
815338,3793,3793,44658,11219,上尾市
815339,581,581,44658,11219,上尾市
815342,3,3,44658,11238,蓮田市
815349,1172,1172,44659,11109,さいたま市緑区
815350,8,8,44659,11109,さいたま市緑区
815343,1699,1699,44659,11109,さいたま市緑区
815348,1055,1055,44659,11203,川口市
815343,16056,16056,44659,11203,川口市
815344,820,820,44659,11203,川口市
815345,4554,4554,44659,11203,川口市
815346,1091,1091,44659,11203,川口市
815347,9,9,44659,11203,川口市
815343,3958,3958,44659,11221,草加市
815344,67,67,44659,11221,草加市
815353,25,25,44660,11103,さいたま市大宮区
815351,6438,6438,44660,11104,さいたま市見沼区
815352,151,151,44660,11104,さいたま市見沼区
815353,6155,6155,44660,11104,さいたま市見沼区
815354,116,116,44660,11104,さいたま市見沼区
815355,3,3,44660,11104,さいたま市見沼区
815357,6874,6874,44661,11101,さいたま市西区
815356,4611,4611,44661,11101,さいたま市西区
815359,657,657,44662,11106,さいたま市桜区
815360,472,472,44662,11106,さいたま市桜区
815359,1484,1484,44662,11108,さいたま市南区
815358,138,138,44662,11224,戸田市
815359,435,435,44662,11224,戸田市
815361,1,1,44663,11101,さいたま市西区
815362,398,398,44663,11101,さいたま市西区
815361,12661,12661,44663,11102,さいたま市北区
815361,18432,18432,44663,11103,さいたま市大宮区
815361,2621,2621,44663,11105,さいたま市中央区
815363,104,104,44664,11103,さいたま市大宮区
815363,26196,26196,44664,11105,さいたま市中央区
815364,17,17,44664,11105,さいたま市中央区
815363,1439,1439,44664,11106,さいたま市桜区
815364,6032,6032,44664,11106,さいたま市桜区
815363,5985,5985,44664,11107,さいたま市浦和区
815366,9993,9993,44665,11108,さいたま市南区
815365,1051,1051,44665,11109,さいたま市緑区
815366,18075,18075,44665,11109,さいたま市緑区
815367,256,256,44665,11203,川口市
815365,1599,1599,44665,11203,川口市
815366,2226,2226,44665,11203,川口市
815368,76,76,44666,11105,さいたま市中央区
815368,16,16,44666,11107,さいたま市浦和区
815369,2983,2983,44667,11109,さいたま市緑区
815369,1562,1562,44667,11110,さいたま市岩槻区
815370,114,114,44668,11203,川口市
815370,28,28,44668,13121,足立区
815371,30454,30454,44669,11107,さいたま市浦和区
815371,8928,8928,44669,11108,さいたま市南区
815372,965,965,44669,11109,さいたま市緑区
815373,1542,1542,44669,11109,さいたま市緑区
815371,2131,2131,44669,11109,さいたま市緑区
815371,457,457,44669,11203,川口市
815374,29348,29348,44670,12102,千葉市花見川区
815375,7860,7860,44670,12102,千葉市花見川区
815376,3676,3676,44670,12102,千葉市花見川区
815377,171,171,44670,12102,千葉市花見川区
815374,771,771,44670,12103,千葉市稲毛区
815376,5,5,44670,12103,千葉市稲毛区
815380,42,42,44671,12106,千葉市美浜区
815378,40865,40865,44671,12106,千葉市美浜区
815379,6,6,44671,12106,千葉市美浜区
815381,21847,21847,44672,12101,千葉市中央区
815382,1243,1243,44672,12101,千葉市中央区
815384,108,108,44672,12101,千葉市中央区
815381,13095,13095,44672,12103,千葉市稲毛区
815381,8822,8822,44672,12106,千葉市美浜区
815383,421,421,44672,12106,千葉市美浜区
815385,9530,9530,44673,12101,千葉市中央区
815385,229,229,44673,12102,千葉市花見川区
815386,3079,3079,44673,12103,千葉市稲毛区
815387,2638,2638,44673,12103,千葉市稲毛区
815388,14,14,44673,12103,千葉市稲毛区
815385,39585,39585,44673,12103,千葉市稲毛区
815387,13342,13342,44673,12104,千葉市若葉区
815385,574,574,44673,12104,千葉市若葉区
815387,156,156,44673,12228,四街道市
815389,84,84,44674,12101,千葉市中央区
815389,13001,13001,44674,12104,千葉市若葉区
815390,1156,1156,44674,12104,千葉市若葉区
815390,179,179,44674,12228,四街道市
815392,1554,1554,44675,12101,千葉市中央区
815391,39556,39556,44675,12101,千葉市中央区
815391,1610,1610,44675,12104,千葉市若葉区
815391,114,114,44675,12105,千葉市緑区
815393,3,3,44675,12105,千葉市緑区
815400,15,15,44676,12206,木更津市
815401,62,62,44676,12206,木更津市
815402,528,528,44676,12206,木更津市
815394,1369,1369,44676,12206,木更津市
815403,115,115,44676,12206,木更津市
815395,21882,21882,44676,12206,木更津市
815404,39,39,44676,12206,木更津市
815396,4,4,44676,12206,木更津市
815397,1584,1584,44676,12206,木更津市
815398,1907,1907,44676,12206,木更津市
815399,155,155,44676,12206,木更津市
815400,4,4,44676,12225,君津市
815395,448,448,44676,12225,君津市
815405,3423,3423,44677,12102,千葉市花見川区
815405,13904,13904,44677,12106,千葉市美浜区
815408,4470,4470,44678,12231,印西市
815409,18,18,44678,12231,印西市
815410,26,26,44678,12231,印西市
815411,1,1,44678,12231,印西市
815406,4632,4632,44678,12231,印西市
815407,8095,8095,44678,12231,印西市
815406,2109,2109,44678,12232,白井市
815412,1016,1016,44679,12231,印西市
815413,500,500,44679,12231,印西市
815414,633,633,44680,12231,印西市
815417,139,139,44681,12102,千葉市花見川区
815415,13600,13600,44681,12102,千葉市花見川区
815416,1110,1110,44681,12102,千葉市花見川区
815415,25,25,44681,12221,八千代市
815418,4036,4036,44682,12102,千葉市花見川区
815419,862,862,44682,12102,千葉市花見川区
815420,16,16,44682,12102,千葉市花見川区
815419,455,455,44682,12103,千葉市稲毛区
815421,164,164,44682,12228,四街道市
815422,1576,1576,44683,12228,四街道市
815423,1351,1351,44683,12228,四街道市
815424,8,8,44683,12228,四街道市
815425,4,4,44683,12228,四街道市
815426,0,0,44683,12228,四街道市
815427,7734,7734,44684,12104,千葉市若葉区
815428,2,2,44684,12104,千葉市若葉区
815427,25,25,44684,12228,四街道市
815431,3,3,44685,12104,千葉市若葉区
815431,8,8,44685,12212,佐倉市
815429,72,72,44685,12230,八街市
815430,69,69,44685,12230,八街市
815442,17,17,44686,12206,木更津市
815446,27,27,44686,12229,袖ケ浦市
815436,1027,1027,44686,12229,袖ケ浦市
815437,3,3,44686,12229,袖ケ浦市
815438,5,5,44686,12229,袖ケ浦市
815439,7,7,44686,12229,袖ケ浦市
815440,37,37,44686,12229,袖ケ浦市
815441,2,2,44686,12229,袖ケ浦市
815432,47,47,44686,12229,袖ケ浦市
815443,10,10,44686,12229,袖ケ浦市
815433,3856,3856,44686,12229,袖ケ浦市
815444,5,5,44686,12229,袖ケ浦市
815434,5973,5973,44686,12229,袖ケ浦市
815445,283,283,44686,12229,袖ケ浦市
815435,42,42,44686,12229,袖ケ浦市
815447,9850,9850,44687,12225,君津市
815448,893,893,44687,12225,君津市
815449,1023,1023,44687,12226,富津市
815450,349,349,44687,12226,富津市
815451,3,3,44687,12226,富津市
815452,876,876,44688,12102,千葉市花見川区
815453,38,38,44689,12101,千葉市中央区
815453,866,866,44689,12104,千葉市若葉区
815454,2450,2450,44690,12231,印西市
815455,922,922,44691,12104,千葉市若葉区
815455,1167,1167,44691,12228,四街道市
815456,2794,2794,44692,8208,龍ケ崎市
815457,8124,8124,44692,8208,龍ケ崎市
815458,2838,2838,44692,8208,龍ケ崎市
815459,5,5,44692,8208,龍ケ崎市
815460,5,5,44692,8208,龍ケ崎市
815461,36,36,44692,8208,龍ケ崎市
815462,4,4,44692,8208,龍ケ崎市
815465,7,7,44693,8219,牛久市
815463,5,5,44693,8219,牛久市
815464,13,13,44693,8219,牛久市
815466,177,177,44693,8443,稲敷郡阿見町
815474,35,35,44694,8219,牛久市
815467,10162,10162,44694,8219,牛久市
815468,306,306,44694,8219,牛久市
815477,102,102,44694,8219,牛久市
815469,836,836,44694,8219,牛久市
815478,270,270,44694,8219,牛久市
815471,1652,1652,44694,8219,牛久市
815472,469,469,44694,8219,牛久市
815473,2943,2943,44694,8219,牛久市
815475,1180,1180,44694,8220,つくば市
815467,712,712,44694,8220,つくば市
815476,5,5,44694,8220,つくば市
815469,888,888,44694,8220,つくば市
815470,2,2,44694,8220,つくば市
815473,2,2,44694,8443,稲敷郡阿見町
815479,1682,1682,44695,8217,取手市
815480,90,90,44695,8217,取手市
815481,231,231,44695,8217,取手市
815482,1440,1440,44695,8217,取手市
815483,330,330,44695,8217,取手市
815485,530,530,44696,8208,龍ケ崎市
815484,1808,1808,44696,8564,北相馬郡利根町
815485,1221,1221,44696,8564,北相馬郡利根町
815486,477,477,44696,8564,北相馬郡利根町
815487,1240,1240,44697,8442,稲敷郡美浦村
815493,167,167,44698,8202,日立市
815494,25,25,44698,8202,日立市
815488,1296,1296,44698,8202,日立市
815489,2943,2943,44698,8202,日立市
815490,123,123,44698,8202,日立市
815491,2315,2315,44698,8202,日立市
815492,171,171,44698,8202,日立市
815495,6520,6520,44699,8202,日立市
815496,1480,1480,44699,8202,日立市
815497,907,907,44700,8202,日立市
815498,463,463,44700,8202,日立市
815499,436,436,44700,8202,日立市
815500,1050,1050,44700,8202,日立市
815501,2480,2480,44700,8202,日立市
815504,141,141,44701,8202,日立市
815505,1960,1960,44701,8202,日立市
815502,5124,5124,44701,8202,日立市
815503,356,356,44701,8202,日立市
815506,6098,6098,44702,10202,高崎市
815507,10,10,44702,10202,高崎市
815508,9,9,44702,10202,高崎市
815509,6,6,44702,10202,高崎市
815515,711,711,44703,10201,前橋市
815516,317,317,44703,10201,前橋市
815517,61,61,44703,10201,前橋市
815518,36,36,44703,10201,前橋市
815510,7876,7876,44703,10201,前橋市
815511,1021,1021,44703,10201,前橋市
815512,956,956,44703,10201,前橋市
815513,3,3,44703,10201,前橋市
815514,5,5,44703,10201,前橋市
815520,3658,3658,44704,10202,高崎市
815519,5278,5278,44704,10209,藤岡市
815520,693,693,44704,10209,藤岡市
815521,11020,11020,44705,10202,高崎市
815522,4,4,44705,10202,高崎市
815530,57,57,44706,10201,前橋市
815523,61,61,44706,10201,前橋市
815523,6755,6755,44706,10202,高崎市
815524,1287,1287,44706,10202,高崎市
815525,2,2,44706,10202,高崎市
815526,215,215,44706,10202,高崎市
815527,15,15,44706,10202,高崎市
815528,383,383,44706,10202,高崎市
815529,222,222,44706,10202,高崎市
815530,19,19,44706,10202,高崎市
815533,121,121,44707,10202,高崎市
815534,201,201,44707,10202,高崎市
815535,7,7,44707,10202,高崎市
815531,2592,2592,44707,10202,高崎市
815532,2790,2790,44707,10202,高崎市
815536,2690,2690,44708,10202,高崎市
815537,656,656,44708,10202,高崎市
815538,953,953,44708,10202,高崎市
815540,122,122,44708,10202,高崎市
815541,312,312,44708,10202,高崎市
815542,9,9,44708,10202,高崎市
815543,41,41,44708,10202,高崎市
815539,233,233,44708,10209,藤岡市
815544,6126,6126,44709,10201,前橋市
815545,262,262,44709,10201,前橋市
815546,7881,7881,44710,10201,前橋市
815547,3628,3628,44711,10201,前橋市
815548,327,327,44711,10201,前橋市
815549,32,32,44711,10201,前橋市
815550,11,11,44711,10201,前橋市
815553,2,2,44712,10201,前橋市
815554,29,29,44712,10201,前橋市
815555,3,3,44712,10201,前橋市
815556,3,3,44712,10201,前橋市
815557,822,822,44712,10201,前橋市
815558,352,352,44712,10201,前橋市
815559,114,114,44712,10201,前橋市
815560,178,178,44712,10201,前橋市
815551,3993,3993,44712,10201,前橋市
815561,147,147,44712,10201,前橋市
815562,247,247,44712,10201,前橋市
815552,1042,1042,44712,10201,前橋市
815563,22,22,44712,10201,前橋市
815563,43,43,44712,10202,高崎市
815551,444,444,44712,10202,高崎市
815564,2146,2146,44713,11202,熊谷市
815566,737,737,44713,11202,熊谷市
815567,3087,3087,44713,11202,熊谷市
815564,23,23,44713,11218,深谷市
815565,4,4,44713,11218,深谷市
815567,3,3,44713,11218,深谷市
815568,18424,18424,44714,11202,熊谷市
815569,19,19,44714,11202,熊谷市
815570,36,36,44714,11202,熊谷市
815575,25,25,44715,10523,邑楽郡千代田町
815571,394,394,44715,11202,熊谷市
815571,1672,1672,44715,11206,行田市
815572,5923,5923,44715,11206,行田市
815573,53,53,44715,11206,行田市
815574,8,8,44715,11206,行田市
815576,8,8,44715,11216,羽生市
815577,26,26,44715,11216,羽生市
815571,126,126,44715,11217,鴻巣市
815582,3,3,44716,11206,行田市
815580,4032,4032,44716,11217,鴻巣市
815581,82,82,44716,11217,鴻巣市
815582,163,163,44716,11217,鴻巣市
815578,15815,15815,44716,11217,鴻巣市
815579,413,413,44716,11217,鴻巣市
815583,8370,8370,44717,9201,宇都宮市
815584,1248,1248,44717,9201,宇都宮市
815585,648,648,44717,9201,宇都宮市
815586,129,129,44717,9201,宇都宮市
815587,93,93,44717,9201,宇都宮市
815588,142,142,44717,9201,宇都宮市
815589,99,99,44717,9201,宇都宮市
815590,16754,16754,44718,9201,宇都宮市
815591,121,121,44718,9201,宇都宮市
815592,327,327,44718,9201,宇都宮市
815593,332,332,44718,9201,宇都宮市
815594,203,203,44718,9201,宇都宮市
815595,149,149,44718,9201,宇都宮市
815597,18,18,44718,9201,宇都宮市
815598,11,11,44718,9201,宇都宮市
815596,4,4,44718,9361,下都賀郡壬生町
815600,42,42,44719,9201,宇都宮市
815599,10241,10241,44719,9201,宇都宮市
815601,5712,5712,44720,9201,宇都宮市
815602,2489,2489,44720,9201,宇都宮市
815603,8,8,44720,9201,宇都宮市
815604,162,162,44720,9201,宇都宮市
815605,7,7,44720,9201,宇都宮市
815606,199,199,44720,9201,宇都宮市
815601,1,1,44720,12228,四街道市
815607,712,712,44721,9201,宇都宮市
815608,38,38,44721,9209,真岡市
815609,14,14,44721,9345,芳賀郡芳賀町
815611,260,260,44722,9201,宇都宮市
815612,1115,1115,44722,9201,宇都宮市
815613,92,92,44722,9201,宇都宮市
815610,512,512,44722,9301,河内郡上三川町
815611,37,37,44722,9301,河内郡上三川町
815614,58,58,44722,9301,河内郡上三川町
815619,35,35,44723,8220,つくば市
815615,500,500,44723,8220,つくば市
815616,4027,4027,44723,8220,つくば市
815618,3466,3466,44723,8220,つくば市
815616,6,6,44723,8235,つくばみらい市
815617,2747,2747,44723,8235,つくばみらい市
815630,177,177,44724,8220,つくば市
815620,856,856,44724,8220,つくば市
815621,39,39,44724,8220,つくば市
815622,10,10,44724,8220,つくば市
815623,286,286,44724,8220,つくば市
815624,1163,1163,44724,8220,つくば市
815625,387,387,44724,8220,つくば市
815626,1168,1168,44724,8220,つくば市
815627,1384,1384,44724,8220,つくば市
815629,144,144,44724,8220,つくば市
815631,1277,1277,44725,8220,つくば市
815632,3172,3172,44726,8220,つくば市
815633,1888,1888,44726,8220,つくば市
815634,2832,2832,44726,8220,つくば市
815641,624,624,44727,8220,つくば市
815635,3176,3176,44727,8220,つくば市
815636,6,6,44727,8220,つくば市
815637,26,26,44727,8220,つくば市
815638,134,134,44727,8220,つくば市
815639,367,367,44727,8220,つくば市
815640,245,245,44727,8220,つくば市
815642,8,8,44728,12211,成田市
815643,16,16,44728,12211,成田市
815644,221,221,44728,12211,成田市
815645,4663,4663,44728,12211,成田市
815646,19,19,44728,12211,成田市
815647,3,3,44728,12211,成田市
815648,2,2,44728,12211,成田市
815650,240,240,44728,12211,成田市
815649,6,6,44728,12329,印旛郡栄町
815652,14,14,44729,12212,佐倉市
815653,1101,1101,44729,12212,佐倉市
815654,4484,4484,44729,12212,佐倉市
815655,2,2,44729,12212,佐倉市
815653,22,22,44729,12228,四街道市
815651,4177,4177,44729,12228,四街道市
815656,4125,4125,44730,12212,佐倉市
815656,7169,7169,44730,12221,八千代市
815657,3313,3313,44731,12104,千葉市若葉区
815658,75,75,44731,12104,千葉市若葉区
815659,2312,2312,44731,12104,千葉市若葉区
815662,5894,5894,44732,12211,成田市
815672,1,1,44732,12211,成田市
815664,810,810,44732,12211,成田市
815674,30,30,44732,12211,成田市
815665,15,15,44732,12211,成田市
815666,37,37,44732,12211,成田市
815667,22,22,44732,12211,成田市
815660,9,9,44732,12233,富里市
815668,10,10,44732,12233,富里市
815661,14,14,44732,12233,富里市
815662,715,715,44732,12233,富里市
815662,74,74,44732,12322,印旛郡酒々井町
815669,1,1,44732,12347,香取郡多古町
815663,4,4,44732,12347,香取郡多古町
815671,4,4,44732,12409,山武郡芝山町
815672,8,8,44732,12409,山武郡芝山町
815673,9,9,44732,12409,山武郡芝山町
815665,3,3,44732,12409,山武郡芝山町
815675,4317,4317,44733,12322,印旛郡酒々井町
815676,57,57,44733,12322,印旛郡酒々井町
815677,2,2,44734,12103,千葉市稲毛区
815677,0,0,44734,12211,成田市
815677,14842,14842,44734,12228,四街道市
815678,16293,16293,44735,12211,成田市
815679,12745,12745,44736,12212,佐倉市
815680,7223,7223,44736,12212,佐倉市
815681,8412,8412,44737,12221,八千代市
815682,1,1,44738,12102,千葉市花見川区
815682,7527,7527,44738,12221,八千代市
815683,11651,11651,44739,12212,佐倉市
